topic,age,level,model,agent_ped,run_index,seed,repeat_count_ped,json_valid_ped,schema_compliance_ped,word_count_ped,examples_count_ped,readability_ped,lix_value_ped,content_coverage_ped,tone_encouragement_ped,tone_simplicity_ped,tone_engagement_ped,ragas_faithfulness_ped,ragas_answer_relevancy_ped,ragas_context_precision_ped,ragas_context_recall_ped,ragas_avg_ped,ragas_status_ped,hallucination_rate_ped,ttft_ms_ped,latency_ped,rag_score_ped,llm_score_ped,agent_score_ped,final_score_ped,response_length_ped,details_ped,pedagogical_graph_json,citation_coverage_ped,citation_format_valid_ped,citations_count_ped,citations_present_ped,critic_approved_ped,critic_rejection_reason_ped,educational_richness_ped,generated_content_ped,keyword_coverage_ped,tone_source_ped,agent_raw,repeat_count_raw,json_valid_raw,schema_compliance_raw,word_count_raw,examples_count_raw,readability_raw,lix_value_raw,content_coverage_raw,tone_encouragement_raw,tone_simplicity_raw,tone_engagement_raw,ragas_faithfulness_raw,ragas_answer_relevancy_raw,ragas_context_precision_raw,ragas_context_recall_raw,ragas_avg_raw,ragas_status_raw,hallucination_rate_raw,ttft_ms_raw,latency_raw,rag_score_raw,llm_score_raw,agent_score_raw,final_score_raw,response_length_raw,details_raw,citation_coverage_raw,citation_format_valid_raw,citations_count_raw,citations_present_raw,context_docs_count,critic_approved_raw,critic_rejection_reason_raw,educational_richness_raw,generated_content_raw,keyword_coverage_raw,score,tone_source_raw,_merge,final_score_delta,content_coverage_delta,hallucination_rate_delta,ragas_avg_delta,citations_count_delta,critic_approved_delta
Python,12,beginner,llama3.1:latest,writer,1,42,3,True,True,295,0,50.78,49.69,65.27,,12.46,60.0,0.7778,0.8695,1.0,1.0,0.9118,ok,0.2222,51190.5,371.21,87.66,71.11,65,71.36,1889,"{""agent"": ""writer"", ""json_valid"": true, ""schema_compliance"": true, ""word_count"": 295, ""examples_count"": 0, ""readability"": 50.78, ""lix_value"": 49.69, ""educational_richness"": 42.11, ""keyword_coverage"": 100.0, ""tone_simplicity"": 12.46, ""ragas_faithfulness"": 0.7778, ""ragas_answer_relevancy"": 0.8695, ""ragas_context_precision"": 1.0, ""ragas_context_recall"": 1.0, ""ragas_avg"": 0.9118, ""ragas_status"": ""ok"", ""latency"": 371.21, ""response_length"": 1889, ""agent_score"": 65, ""content_coverage"": 65.27, ""tone_engagement"": 60.0, ""tone_source"": ""groq"", ""citations_count"": 4, ""citations_present"": true, ""citation_coverage"": 6.67, ""citation_format_valid"": true, ""generated_content"": ""{ \n\""order\"": 0, \n\""title\"": \""Introduction à Python\"", \n\""content\"": \""## Section 1: L'aventure commence !\\n\\nBonjour ! Vous êtes prêt à découvrir l'univers incroyable de la programmation avec Python. Dans ce module, nous allons explorer les concepts de base pour créer des programmes amusants et utiles.\\n\\n[Doc 1]: \\\""Les variables sont utilisées pour stocker des valeurs.\\\""\\n\\n## Section 2: Les variables et leurs types de données\\n\\nImaginez que vous avez un sac rempli de balles. Chaque balle représente une variable qui peut contenir une valeur. Mais, attention ! Il y a différents types de ballons : les châsses pour les noms (str), les boules pour les nombres entiers (int) et les boules en caoutchouc pour les nombres à virgule (float).\\n\\n[Doc 1]: \\\""Str = String = Chaine de caractères Int = Integer = Nombre entier Float = Float = Nombre à virgule\\\""\\n\\n## Section 3: Attribuer une valeur à une variable\\n\\nPour attribuer une valeur à une variable, il suffit de faire : >>>x = 2 >>>y = 3 print x*y 6\\n\\n[Doc 1]: \\\""Nous allons maintenant voir comment faire contenir du texte à ces variables, ou encore des nombres précis.\\\""\\n\\n## Section 4: Les opérateurs arithmétiques\\n\\nImaginez que vous avez un jeu de calcul mental. Les opérateurs sont comme les règles pour effectuer des calculs : + (addition), - (soustraction), * (multiplication) et / (division).\\n\\n[Doc 1]: \\\""Les opérateurs sont utilisés pour effectuer des calculs, ils peuvent être utilisés avec les variables ou directement.\\\""\\n\\n## Section 5: Pratique\\n\\nExercice 1 : Quel est le type de données pour une variable qui stocke un nom?\\nOptions : ['str', 'int', 'float']\\nRéponse attendue : str\\nTeste le concept : concept_1\\n\\nExercice 2 : Remplis le trou : __________ est utilisé pour effectuer des calculs.\\nOptions : None\\nRéponse attendue : \\nTeste le concept : concept_2\"", \n\""word_count\"": 300, \n\""language_target\"": \""python\""\n}"", ""ttft_ms"": 51190.5, ""llm_score"": 71.11, ""rag_score"": 87.66, ""final_score"": 71.36, ""hallucination_rate"": 0.2222, ""context_docs_count"": 4, ""critic_approved"": false, ""critic_rejection_reason"": ""Le cours manque d'une structure claire et progressive, ce qui pourrait rendre difficile la compréhension des concepts pour un enfant de 12 ans.""}",apps\ai-brain\benchmarking\outputs\graph_Python_age12_llama3.1_latest_20260516_011718.json,,,,,0,"Le cours manque d'une structure claire et progressive, ce qui pourrait rendre difficile la compréhension des concepts pour un enfant de 12 ans.",,"{ 
""order"": 0, 
""title"": ""Introduction à Python"", 
""content"": ""## Section 1: L'aventure commence !\n\nBonjour ! Vous êtes prêt à découvrir l'univers incroyable de la programmation avec Python. Dans ce module, nous allons explorer les concepts de base pour créer des programmes amusants et utiles.\n\n[Doc 1]: \""Les variables sont utilisées pour stocker des valeurs.\""\n\n## Section 2: Les variables et leurs types de données\n\nImaginez que vous avez un sac rempli de balles. Chaque balle représente une variable qui peut contenir une valeur. Mais, attention ! Il y a différents types de ballons : les châsses pour les noms (str), les boules pour les nombres entiers (int) et les boules en caoutchouc pour les nombres à virgule (float).\n\n[Doc 1]: \""Str = String = Chaine de caractères Int = Integer = Nombre entier Float = Float = Nombre à virgule\""\n\n## Section 3: Attribuer une valeur à une variable\n\nPour attribuer une valeur à une variable, il suffit de faire : >>>x = 2 >>>y = 3 print x*y 6\n\n[Doc 1]: \""Nous allons maintenant voir comment faire contenir du texte à ces variables, ou encore des nombres précis.\""\n\n## Section 4: Les opérateurs arithmétiques\n\nImaginez que vous avez un jeu de calcul mental. Les opérateurs sont comme les règles pour effectuer des calculs : + (addition), - (soustraction), * (multiplication) et / (division).\n\n[Doc 1]: \""Les opérateurs sont utilisés pour effectuer des calculs, ils peuvent être utilisés avec les variables ou directement.\""\n\n## Section 5: Pratique\n\nExercice 1 : Quel est le type de données pour une variable qui stocke un nom?\nOptions : ['str', 'int', 'float']\nRéponse attendue : str\nTeste le concept : concept_1\n\nExercice 2 : Remplis le trou : __________ est utilisé pour effectuer des calculs.\nOptions : None\nRéponse attendue : \nTeste le concept : concept_2"", 
""word_count"": 300, 
""language_target"": ""python""
}",,groq,writer,3,True,True,307,3,69.45,42.22,84.21,,15.73,60.0,0.4762,0.8861,1.0,0.7273,0.7724,ok,0.5238,29747.6,274.45,73.59,59.05,82,73.43,2028,"{""agent"": ""writer"", ""json_valid"": true, ""schema_compliance"": true, ""word_count"": 307, ""examples_count"": 3, ""readability"": 69.45, ""lix_value"": 42.22, ""educational_richness"": 73.68, ""keyword_coverage"": 100.0, ""tone_simplicity"": 15.73, ""ragas_faithfulness"": 0.4762, ""ragas_answer_relevancy"": 0.8861, ""ragas_context_precision"": 1.0, ""ragas_context_recall"": 0.7273, ""ragas_avg"": 0.7724, ""ragas_status"": ""ok"", ""latency"": 274.45, ""response_length"": 2028, ""agent_score"": 82, ""content_coverage"": 84.21, ""tone_engagement"": 60.0, ""tone_source"": ""groq"", ""citations_count"": 1, ""citations_present"": true, ""citation_coverage"": 5.56, ""citation_format_valid"": true, ""critic_approved"": false, ""critic_rejection_reason"": ""La progression de difficulté technique n'est pas logique entre les modules."", ""generated_content"": ""{\n  \""order\"": 0,\n  \""title\"": \""Python Introduction\"",\n  \""content\"": \""## Section 1: Découvrez l'aventure Python !\\\\nVous voulez apprendre à coder ? Alors vous êtes au bon endroit ! Nous allons explorer le langage Python, qui est facile à comprendre et à utiliser. [Doc 1] \\\\nNous allons commencer par les type annotations, qui sont comme des étiquettes pour nos variables. Elles nous aident à savoir quel type de données nous devons stocker dans chaque variable. Par exemple, si nous voulons que notre âge soit un nombre entier, nous pouvons le déclarer comme suit : \\\\n\\\\ndef person(age: int) : \\\\n    print(age) \\\\nperson(25) \\n\\n## Section 2: Les listes en Python !\\\\nNous allons maintenant voir comment travailler avec les listes en Python. Une liste est simplement un ensemble d'éléments qui peuvent être de n'importe quel type, même des chaînes de caractères ! \\\\nPar exemple, si nous voulons imprimer chaque lettre d'une chaîne, nous pouvons utiliser une boucle for : \\\\n\\\\ndef imprime_chaine(ch: str) : \\\\n    for ch in s: \\\\n        print(ch) \\n\\n## Section 3: Les boucles !\\\\nNous allons maintenant voir comment travailler avec les boucles en Python. Une boucle est comme un cycle qui répète une action plusieurs fois. Par exemple, si nous voulons imprimer les nombres de 0 à 99, nous pouvons utiliser la fonction range() : \\\\ndef imprime_nombres(): \\\\n    for i in range(100): \\\\n        print(i) \\n\\n## Section 4: Pratique !\\\\nEssayez maintenant de créer votre propre programme qui utilise les concepts que vous avez appris ! Vous pouvez créer un jeu, une application ou simplement quelque chose pour amuser vos amis. \\\\n\\\\ndef main() : \\\\n    # Votre code ici \\n\\n## Section 5: Recap \\\\nVous avez maintenant appris les bases de Python et comment travailler avec les type annotations, les listes et les boucles. C'est un bon départ pour votre aventure en programmation ! Continuez à explorer et à apprendre, et vous verrez que Python est vraiment amusant à utiliser !\"",\n  \""word_count\"": 386,\n  \""language_target\"": \""Python\""\n}"", ""ttft_ms"": 29747.6, ""llm_score"": 59.05, ""rag_score"": 73.59, ""final_score"": 73.43, ""hallucination_rate"": 0.5238, ""context_docs_count"": 2}",,,,,2,0,La progression de difficulté technique n'est pas logique entre les modules.,,"{
  ""order"": 0,
  ""title"": ""Python Introduction"",
  ""content"": ""## Section 1: Découvrez l'aventure Python !\\nVous voulez apprendre à coder ? Alors vous êtes au bon endroit ! Nous allons explorer le langage Python, qui est facile à comprendre et à utiliser. [Doc 1] \\nNous allons commencer par les type annotations, qui sont comme des étiquettes pour nos variables. Elles nous aident à savoir quel type de données nous devons stocker dans chaque variable. Par exemple, si nous voulons que notre âge soit un nombre entier, nous pouvons le déclarer comme suit : \\n\\ndef person(age: int) : \\n    print(age) \\nperson(25) \n\n## Section 2: Les listes en Python !\\nNous allons maintenant voir comment travailler avec les listes en Python. Une liste est simplement un ensemble d'éléments qui peuvent être de n'importe quel type, même des chaînes de caractères ! \\nPar exemple, si nous voulons imprimer chaque lettre d'une chaîne, nous pouvons utiliser une boucle for : \\n\\ndef imprime_chaine(ch: str) : \\n    for ch in s: \\n        print(ch) \n\n## Section 3: Les boucles !\\nNous allons maintenant voir comment travailler avec les boucles en Python. Une boucle est comme un cycle qui répète une action plusieurs fois. Par exemple, si nous voulons imprimer les nombres de 0 à 99, nous pouvons utiliser la fonction range() : \\ndef imprime_nombres(): \\n    for i in range(100): \\n        print(i) \n\n## Section 4: Pratique !\\nEssayez maintenant de créer votre propre programme qui utilise les concepts que vous avez appris ! Vous pouvez créer un jeu, une application ou simplement quelque chose pour amuser vos amis. \\n\\ndef main() : \\n    # Votre code ici \n\n## Section 5: Recap \\nVous avez maintenant appris les bases de Python et comment travailler avec les type annotations, les listes et les boucles. C'est un bon départ pour votre aventure en programmation ! Continuez à explorer et à apprendre, et vous verrez que Python est vraiment amusant à utiliser !"",
  ""word_count"": 386,
  ""language_target"": ""Python""
}",,,groq,both,-2.0700000000000074,-18.939999999999998,-0.30160000000000003,0.13940000000000008,,0
Python,12,beginner,llama3.1:latest,writer,2,43,3,True,True,266,5,49.45,50.22,77.9,,16.98,60.0,0.6667,0.8757,1.0,1.0,0.8856,ok,0.3333,88729.3,378.86,83.98,66.67,66,69.8,1831,"{""agent"": ""writer"", ""json_valid"": true, ""schema_compliance"": true, ""word_count"": 266, ""examples_count"": 5, ""readability"": 49.45, ""lix_value"": 50.22, ""educational_richness"": 63.16, ""keyword_coverage"": 100.0, ""tone_simplicity"": 16.98, ""ragas_faithfulness"": 0.6667, ""ragas_answer_relevancy"": 0.8757, ""ragas_context_precision"": 1.0, ""ragas_context_recall"": 1.0, ""ragas_avg"": 0.8856, ""ragas_status"": ""ok"", ""latency"": 378.86, ""response_length"": 1831, ""agent_score"": 66, ""content_coverage"": 77.9, ""tone_engagement"": 60.0, ""tone_source"": ""groq"", ""citations_count"": 0, ""citations_present"": false, ""citation_coverage"": 0.0, ""citation_format_valid"": false, ""generated_content"": ""{\n  \""order\"": 0,\n  \""title\"": \""Introduction à Python\"",\n  \""content\"": \""## L'aventure commence : Introduction à Python\\n\\nBonjour les futurs développeurs ! Aujourd'hui, nous allons découvrir l'univers fascinant de Python. Ce langage de programmation est utilisé dans de nombreux domaines tels que la science, le jeu vidéo et même la finance.\\n\\n**Concept 1 : Variables et types de données**\\n\\nEn Python, les variables sont comme des boîtes en plastique où vous pouvez stocker des valeurs. Les types de données déterminent comment ces valeurs sont traitées. Par exemple, si vous stockez un nom dans une variable, elle sera considérée comme une chaine de caractères (str).\\n\\n[Doc 1 : \\\""Les variables sont utilisées pour stocker des valeurs.\\\""]\\n\\nCommençons par attribuer une valeur à une variable !\\n\\n```python\\nx = 2\\ny = 3\\nprint(x * y)\\n```\\n\\nL'exemple ci-dessus montre comment multiplier deux nombres entiers (int).\\n\\n**Concept 2 : Opérateurs arithmétiques**\\n\\nLes opérateurs sont comme des outils qui vous aident à effectuer des calculs. Ils peuvent être utilisés avec les variables ou directement.\\n\\n[Doc 1 : \\\""Les opérateurs sont utilisés pour effectuer des calculs.\\\""]\\n\\nPar exemple, pour additionner deux nombres, vous pouvez utiliser l'opérateur `+`.\\n\\n```python\\nx = 2 + 3\\nprint(x)\\n```\\n\\n**Pratique**\\n\\nMaintenant que nous avons vu les concepts de base, essayons-les dans quelques exercices !\\n\\nExercice : Quel est le type de données pour une variable qui stocke un nom ?\\nOptions : 'str', 'int', 'float'\\nRéponse attendue : 'str'\\n\\n**Recapitulatif**\\n\\nNous avons vu les concepts suivants :\\n- Variables et types de données\\n- Opérateurs arithmétiques\\n\\nN'oubliez pas que la pratique est la clé pour maîtriser Python. Continuez à explorer et à apprendre !\"",\n  \""word_count\"": 446,\n  \""language_target\"": \""Python\""\n}"", ""ttft_ms"": 88729.3, ""llm_score"": 66.67, ""rag_score"": 83.98, ""final_score"": 69.8, ""hallucination_rate"": 0.3333, ""context_docs_count"": 4, ""critic_approved"": false, ""critic_rejection_reason"": ""Le cours manque de progression logique entre les modules. Les concepts sont présentés sans une structure claire.""}",apps\ai-brain\benchmarking\outputs\graph_Python_age12_llama3.1_latest_20260516_011718.json,,,,,0,Le cours manque de progression logique entre les modules. Les concepts sont présentés sans une structure claire.,,"{
  ""order"": 0,
  ""title"": ""Introduction à Python"",
  ""content"": ""## L'aventure commence : Introduction à Python\n\nBonjour les futurs développeurs ! Aujourd'hui, nous allons découvrir l'univers fascinant de Python. Ce langage de programmation est utilisé dans de nombreux domaines tels que la science, le jeu vidéo et même la finance.\n\n**Concept 1 : Variables et types de données**\n\nEn Python, les variables sont comme des boîtes en plastique où vous pouvez stocker des valeurs. Les types de données déterminent comment ces valeurs sont traitées. Par exemple, si vous stockez un nom dans une variable, elle sera considérée comme une chaine de caractères (str).\n\n[Doc 1 : \""Les variables sont utilisées pour stocker des valeurs.\""]\n\nCommençons par attribuer une valeur à une variable !\n\n```python\nx = 2\ny = 3\nprint(x * y)\n```\n\nL'exemple ci-dessus montre comment multiplier deux nombres entiers (int).\n\n**Concept 2 : Opérateurs arithmétiques**\n\nLes opérateurs sont comme des outils qui vous aident à effectuer des calculs. Ils peuvent être utilisés avec les variables ou directement.\n\n[Doc 1 : \""Les opérateurs sont utilisés pour effectuer des calculs.\""]\n\nPar exemple, pour additionner deux nombres, vous pouvez utiliser l'opérateur `+`.\n\n```python\nx = 2 + 3\nprint(x)\n```\n\n**Pratique**\n\nMaintenant que nous avons vu les concepts de base, essayons-les dans quelques exercices !\n\nExercice : Quel est le type de données pour une variable qui stocke un nom ?\nOptions : 'str', 'int', 'float'\nRéponse attendue : 'str'\n\n**Recapitulatif**\n\nNous avons vu les concepts suivants :\n- Variables et types de données\n- Opérateurs arithmétiques\n\nN'oubliez pas que la pratique est la clé pour maîtriser Python. Continuez à explorer et à apprendre !"",
  ""word_count"": 446,
  ""language_target"": ""Python""
}",,groq,writer,3,True,True,274,1,83.55,36.58,77.9,,24.73,60.0,0.5714,0.8727,1.0,0.8182,0.8156,ok,0.4286,33159.1,248.04,77.82,62.86,73,70.92,1783,"{""agent"": ""writer"", ""json_valid"": true, ""schema_compliance"": true, ""word_count"": 274, ""examples_count"": 1, ""readability"": 83.55, ""lix_value"": 36.58, ""educational_richness"": 63.16, ""keyword_coverage"": 100.0, ""tone_simplicity"": 24.73, ""ragas_faithfulness"": 0.5714, ""ragas_answer_relevancy"": 0.8727, ""ragas_context_precision"": 1.0, ""ragas_context_recall"": 0.8182, ""ragas_avg"": 0.8156, ""ragas_status"": ""ok"", ""latency"": 248.04, ""response_length"": 1783, ""agent_score"": 73, ""content_coverage"": 77.9, ""tone_engagement"": 60.0, ""tone_source"": ""groq"", ""citations_count"": 0, ""citations_present"": false, ""citation_coverage"": 0.0, ""citation_format_valid"": false, ""critic_approved"": false, ""critic_rejection_reason"": ""Le cours manque de cohérence globale et ne présente pas une progression logique entre les modules."", ""generated_content"": ""{\n  \""order\"": 0,\n  \""title\"": \""Python Introduction\"",\n  \""content\"": \""## Section 1: Découvrez l'aventure Python !\\\\nVous êtes prêt à devenir un grand programmeur ? Alors rejoignez-moi dans cette aventure Python ! Nous allons explorer les concepts fondamentaux de ce langage incroyable. [Doc 1: 'Python est un langage de programmation facile à apprendre et puissant.']\\\\n\\\\n## Section 2: Type annotations - Les super-pouvoirs de la programmation !\\\\nImaginez que vous avez une variable appelée age, qui devrait être un nombre entier (comme votre âge réel). Vous pouvez même ajouter des informations sur le type d'une variable. C'est ce qu'on appelle les type annotations ! [Doc 1: 'Ces annotations disent au codeur ou à la static type Checker ce que nous essayons de faire.']\\\\n\\\\n## Section 3: Les listes - Un peu comme un classement de vos amis préférés !\\\\nVous savez comment créer une liste de vos meilleurs amis ? Eh bien, en Python, vous pouvez aussi créer des listes, et même travailler sur les chaînes de caractères comme si elles étaient des listes de lettres individuelles. [Doc 2: 'La string agit comme une liste de ses chars.']\\\\n## Section 4: Le for-in loop - Une boucle infinie de possibilités !\\\\nImaginez que vous voulez imprimer tous les nombres de 0 à 99. Vous pouvez utiliser un for-in loop pour y arriver ! C'est comme une boucle qui continue à compter jusqu'à ce qu'elle atteigne la fin. [Doc 2: 'La combinaison du for-loop et de la range() fonction permet de créer une boucle numérique traditionnelle.']\\\\n## Section 5: Pratique - Alors, vous êtes prêt à essayer ?\\\\nVoici un exemple simple : créez une liste contenant vos trois meilleurs amis. Puis utilisez un for-in loop pour imprimer leur nom dans la console.\"",\n  \""word_count\"": 396,\n  \""language_target\"": \""Python\""\n}"", ""ttft_ms"": 33159.1, ""llm_score"": 62.86, ""rag_score"": 77.82, ""final_score"": 70.92, ""hallucination_rate"": 0.4286, ""context_docs_count"": 2}",,,,,2,0,Le cours manque de cohérence globale et ne présente pas une progression logique entre les modules.,,"{
  ""order"": 0,
  ""title"": ""Python Introduction"",
  ""content"": ""## Section 1: Découvrez l'aventure Python !\\nVous êtes prêt à devenir un grand programmeur ? Alors rejoignez-moi dans cette aventure Python ! Nous allons explorer les concepts fondamentaux de ce langage incroyable. [Doc 1: 'Python est un langage de programmation facile à apprendre et puissant.']\\n\\n## Section 2: Type annotations - Les super-pouvoirs de la programmation !\\nImaginez que vous avez une variable appelée age, qui devrait être un nombre entier (comme votre âge réel). Vous pouvez même ajouter des informations sur le type d'une variable. C'est ce qu'on appelle les type annotations ! [Doc 1: 'Ces annotations disent au codeur ou à la static type Checker ce que nous essayons de faire.']\\n\\n## Section 3: Les listes - Un peu comme un classement de vos amis préférés !\\nVous savez comment créer une liste de vos meilleurs amis ? Eh bien, en Python, vous pouvez aussi créer des listes, et même travailler sur les chaînes de caractères comme si elles étaient des listes de lettres individuelles. [Doc 2: 'La string agit comme une liste de ses chars.']\\n## Section 4: Le for-in loop - Une boucle infinie de possibilités !\\nImaginez que vous voulez imprimer tous les nombres de 0 à 99. Vous pouvez utiliser un for-in loop pour y arriver ! C'est comme une boucle qui continue à compter jusqu'à ce qu'elle atteigne la fin. [Doc 2: 'La combinaison du for-loop et de la range() fonction permet de créer une boucle numérique traditionnelle.']\\n## Section 5: Pratique - Alors, vous êtes prêt à essayer ?\\nVoici un exemple simple : créez une liste contenant vos trois meilleurs amis. Puis utilisez un for-in loop pour imprimer leur nom dans la console."",
  ""word_count"": 396,
  ""language_target"": ""Python""
}",,,groq,both,-1.1200000000000045,0.0,-0.0953,0.07000000000000006,,0
Python,12,beginner,llama3.1:latest,writer,3,44,3,True,True,214,2,43.35,52.66,46.32,,14.8,60.0,0.6923,0.8769,1.0,0.9333,0.8756,ok,0.3077,75130.4,294.7,83.92,67.69,59,66.59,1443,"{""agent"": ""writer"", ""json_valid"": true, ""schema_compliance"": true, ""word_count"": 214, ""examples_count"": 2, ""readability"": 43.35, ""lix_value"": 52.66, ""educational_richness"": 10.53, ""keyword_coverage"": 100.0, ""tone_simplicity"": 14.8, ""ragas_faithfulness"": 0.6923, ""ragas_answer_relevancy"": 0.8769, ""ragas_context_precision"": 1.0, ""ragas_context_recall"": 0.9333, ""ragas_avg"": 0.8756, ""ragas_status"": ""ok"", ""latency"": 294.7, ""response_length"": 1443, ""agent_score"": 59, ""content_coverage"": 46.32, ""tone_engagement"": 60.0, ""tone_source"": ""groq"", ""citations_count"": 0, ""citations_present"": false, ""citation_coverage"": 0.0, ""citation_format_valid"": false, ""generated_content"": ""{\n  \""order\"": 0,\n  \""title\"": \""Introduction à Python\"",\n  \""content\"": \""## Section 1: Découvrez la magie de Python !\\n\\nBonjour les petits hackers ! Aujourd'hui, nous allons explorer le monde fascinant de Python. Ce langage de programmation est utilisé dans de nombreux domaines, du jeu vidéo à la science informatique en passant par l'intelligence artificielle.\\n\\n## Section 2: Variables et types de données\\n\\nLes variables sont comme des boîtes où vous pouvez stocker des valeurs. Il y a différents types de variables, mais nous allons seulement parler des trois principaux : les chaînes de caractères (str), les nombres entiers (int) et les nombres à virgule flottante (float).\\n\\nExemple : \\n>>> x = 2\\n>>> y = 3\\nprint(x*y)\\n6\\n\\n## Section 3: Opérateurs arithmétiques\\n\\nLes opérateurs sont des symboles qui vous aident à effectuer des calculs. Vous pouvez les utiliser avec des variables ou directement.\\n\\nExemple : \\n>>> x = 2 + 3\\nprint(x)\\n5\\n\\n## Section 4: Pratique\\n\\nMaintenant, essayez de répondre aux questions suivantes :\\n\\n* Quel est le type de données pour une variable qui stocke un nom ?\\n* Quel opérateur est utilisé pour effectuer des calculs ?\\n\\n## Section 5: Recapitulatif\\n\\nVoilà, vous avez maintenant compris les bases de Python ! Vous pouvez maintenant créer vos propres programmes et explorer les merveilles du monde numérique.\\n\\n**Langage détecté :** Python\"",\n  \""word_count\"": 396,\n  \""language_target\"": \""Python\""\n}"", ""ttft_ms"": 75130.4, ""llm_score"": 67.69, ""rag_score"": 83.92, ""final_score"": 66.59, ""hallucination_rate"": 0.3077, ""context_docs_count"": 4, ""critic_approved"": false, ""critic_rejection_reason"": ""Le cours n'est pas adapté à un enfant de 12 ans car il présente des concepts trop avancés pour son âge.""}",apps\ai-brain\benchmarking\outputs\graph_Python_age12_llama3.1_latest_20260516_011718.json,,,,,0,Le cours n'est pas adapté à un enfant de 12 ans car il présente des concepts trop avancés pour son âge.,,"{
  ""order"": 0,
  ""title"": ""Introduction à Python"",
  ""content"": ""## Section 1: Découvrez la magie de Python !\n\nBonjour les petits hackers ! Aujourd'hui, nous allons explorer le monde fascinant de Python. Ce langage de programmation est utilisé dans de nombreux domaines, du jeu vidéo à la science informatique en passant par l'intelligence artificielle.\n\n## Section 2: Variables et types de données\n\nLes variables sont comme des boîtes où vous pouvez stocker des valeurs. Il y a différents types de variables, mais nous allons seulement parler des trois principaux : les chaînes de caractères (str), les nombres entiers (int) et les nombres à virgule flottante (float).\n\nExemple : \n>>> x = 2\n>>> y = 3\nprint(x*y)\n6\n\n## Section 3: Opérateurs arithmétiques\n\nLes opérateurs sont des symboles qui vous aident à effectuer des calculs. Vous pouvez les utiliser avec des variables ou directement.\n\nExemple : \n>>> x = 2 + 3\nprint(x)\n5\n\n## Section 4: Pratique\n\nMaintenant, essayez de répondre aux questions suivantes :\n\n* Quel est le type de données pour une variable qui stocke un nom ?\n* Quel opérateur est utilisé pour effectuer des calculs ?\n\n## Section 5: Recapitulatif\n\nVoilà, vous avez maintenant compris les bases de Python ! Vous pouvez maintenant créer vos propres programmes et explorer les merveilles du monde numérique.\n\n**Langage détecté :** Python"",
  ""word_count"": 396,
  ""language_target"": ""Python""
}",,groq,writer,3,True,True,357,0,100.0,29.56,52.63,,30.12,70.0,0.35,0.886,1.0,0.6364,0.7181,ok,0.65,29357.7,285.19,67.81,54.0,66,62.76,2159,"{""agent"": ""writer"", ""json_valid"": true, ""schema_compliance"": true, ""word_count"": 357, ""examples_count"": 0, ""readability"": 100.0, ""lix_value"": 29.56, ""educational_richness"": 21.05, ""keyword_coverage"": 100.0, ""tone_simplicity"": 30.12, ""ragas_faithfulness"": 0.35, ""ragas_answer_relevancy"": 0.886, ""ragas_context_precision"": 1.0, ""ragas_context_recall"": 0.6364, ""ragas_avg"": 0.7181, ""ragas_status"": ""ok"", ""latency"": 285.19, ""response_length"": 2159, ""agent_score"": 66, ""content_coverage"": 52.63, ""tone_engagement"": 70.0, ""tone_source"": ""groq"", ""citations_count"": 0, ""citations_present"": false, ""citation_coverage"": 0.0, ""citation_format_valid"": false, ""critic_approved"": false, ""critic_rejection_reason"": ""Le cours manque de progression logique entre les modules. Les difficultés techniques augmentent trop rapidement pour les enfants de 12 ans."", ""generated_content"": ""{\n  \""order\"": 0,\n  \""title\"": \""Python Introduction\"",\n  \""content\"": \""## Section 1: Découvrez le monde incroyable de Python !\\n\\nVous avez déjà entendu parler de Python ? C'est un langage de programmation qui va vous aider à créer des jeux, des applications et même des robots ! Imaginez que vous êtes dans votre jeu préféré, et que vous pouvez écrire des codes pour faire des choses incroyables. Voilà ce que propose Python.\\n\\n[Doc 1: 'C'est un langage de programmation qui va vous aider à créer des jeux...']\\n\\n## Section 2: Les types de données\\n\\nImaginez que vous avez un panier de fruits, et que vous voulez connaître le poids total. Vous pouvez écrire un code pour ajouter les poids de chaque fruit, mais comment faites-vous savoir au programme qu'un fruit est du type 'fruit' ou ' légume'? C'est là que viennent en jeu les types de données ! Les types de données sont comme des étiquettes qui disent à votre programme ce qu'est exactement une variable.\\n\\n[Doc 1: 'python that I want this to be of type integer...']\\n\\n## Section 3: Les listes et les boucles\\n\\nImaginez que vous avez un classeur avec vos amis, et que vous voulez écrire leur nom sur chaque page. Comment faites-vous pour éviter de répéter le même code pour chaque page ? C'est là que viennent en jeu les listes et les boucles ! Les listes sont comme des cartons qui contiennent plusieurs choses, et les boucles sont comme des machines à faire travailler plusieurs fois la même chose.\\n\\n[Doc 2: 'Python you should just use for/in...']\\n\\n## Section 4: La pratique\\n\\nMaintenant que vous avez compris les types de données et les listes et les boucles, c'est le moment de les mettre en action ! Écrivez un code qui crée une liste avec vos amis, et utilisez une boucle pour écrire leur nom sur chaque page.\\n\\n## Section 5: Récapitulatif\\n\\nVoilà, vous avez terminé votre introduction à Python ! Vous savez maintenant ce qu'est un langage de programmation, les types de données, les listes et les boucles. C'est juste le début de votre aventure dans le monde de la programmation.\\n\\n[Doc 1: 'C'est juste le début de votre aventure...']\"",\n  \""word_count\"": 406,\n  \""language_target\"": \""Python\""\n}"", ""ttft_ms"": 29357.7, ""llm_score"": 54.0, ""rag_score"": 67.81, ""final_score"": 62.76, ""hallucination_rate"": 0.65, ""context_docs_count"": 2}",,,,,2,0,Le cours manque de progression logique entre les modules. Les difficultés techniques augmentent trop rapidement pour les enfants de 12 ans.,,"{
  ""order"": 0,
  ""title"": ""Python Introduction"",
  ""content"": ""## Section 1: Découvrez le monde incroyable de Python !\n\nVous avez déjà entendu parler de Python ? C'est un langage de programmation qui va vous aider à créer des jeux, des applications et même des robots ! Imaginez que vous êtes dans votre jeu préféré, et que vous pouvez écrire des codes pour faire des choses incroyables. Voilà ce que propose Python.\n\n[Doc 1: 'C'est un langage de programmation qui va vous aider à créer des jeux...']\n\n## Section 2: Les types de données\n\nImaginez que vous avez un panier de fruits, et que vous voulez connaître le poids total. Vous pouvez écrire un code pour ajouter les poids de chaque fruit, mais comment faites-vous savoir au programme qu'un fruit est du type 'fruit' ou ' légume'? C'est là que viennent en jeu les types de données ! Les types de données sont comme des étiquettes qui disent à votre programme ce qu'est exactement une variable.\n\n[Doc 1: 'python that I want this to be of type integer...']\n\n## Section 3: Les listes et les boucles\n\nImaginez que vous avez un classeur avec vos amis, et que vous voulez écrire leur nom sur chaque page. Comment faites-vous pour éviter de répéter le même code pour chaque page ? C'est là que viennent en jeu les listes et les boucles ! Les listes sont comme des cartons qui contiennent plusieurs choses, et les boucles sont comme des machines à faire travailler plusieurs fois la même chose.\n\n[Doc 2: 'Python you should just use for/in...']\n\n## Section 4: La pratique\n\nMaintenant que vous avez compris les types de données et les listes et les boucles, c'est le moment de les mettre en action ! Écrivez un code qui crée une liste avec vos amis, et utilisez une boucle pour écrire leur nom sur chaque page.\n\n## Section 5: Récapitulatif\n\nVoilà, vous avez terminé votre introduction à Python ! Vous savez maintenant ce qu'est un langage de programmation, les types de données, les listes et les boucles. C'est juste le début de votre aventure dans le monde de la programmation.\n\n[Doc 1: 'C'est juste le début de votre aventure...']"",
  ""word_count"": 406,
  ""language_target"": ""Python""
}",,,groq,both,3.8300000000000054,-6.310000000000002,-0.34230000000000005,0.15750000000000008,,0
