topic,age,level,model,agent,run_index,seed,repeat_count,json_valid,schema_compliance,ttft_ms,latency,llm_score,agent_score,final_score,response_length,details,context_docs_count,generated_content,module_completeness,module_count,pedagogical_structure,score
Circuits électriques,12,beginner,llama3.1:latest,architect,1,42,3,True,True,3575.5,87.39,47.79,100,84.34,1114,"{""agent"": ""architect"", ""json_valid"": true, ""schema_compliance"": true, ""module_count"": 2, ""module_completeness"": 100.0, ""pedagogical_structure"": 100, ""latency"": 87.39, ""response_length"": 1114, ""agent_score"": 100, ""generated_content"": ""{ \n  \""courseTitle\"": \""D\u00e9couvrez les Secrets des Circuits \u00c9lectriques\"",\n  \""programmingLanguage\"": \""None\"",\n  \""level\"": \""beginner\"",\n  \""totalDuration\"": \""3 heures\"",\n  \""objectives\"": [\n    \""Comprendre la base des circuits \u00e9lectriques\"",\n    \""Apprendre \u00e0 calculer le pouvoir \u00e9lectrique\""\n  ],\n  \""modules\"": [\n    {\n      \""order\"": 1,\n      \""title\"": \""Le Hook : Les Lumi\u00e8res de la Maison\"",\n      \""duration\"": \""45 mins\"",\n      \""description\"": \""Imaginez que vous voulez allumer les lumi\u00e8res de votre maison. Mais comment fonctionnent-elles ?\"",\n      \""exercise_mode\"": \""theorique\"",\n      \""subTopics\"": [\n        \""La d\u00e9finition du pouvoir \u00e9lectrique\"",\n        \""L'importance des circuits \u00e9lectriques dans notre vie quotidienne\""\n      ]\n    },\n    {\n      \""order\"": 2,\n      \""title\"": \""Les Fondations : Les Bases de l'\u00c9lectricit\u00e9\"",\n      \""duration\"": \""45 mins\"",\n      \""description\"": \""Comprendre les concepts cl\u00e9s pour comprendre les circuits \u00e9lectriques.\"",\n      \""exercise_mode\"": \""theorique\"",\n      \""subTopics\"": [\n        \""La d\u00e9finition du voltage, de la r\u00e9sistance et de l'intensit\u00e9\"",\n        \""L'application des lois d'Ohm\""\n      ]\n    }\n  ]\n}"", ""ttft_ms"": 3575.5, ""llm_score"": 47.79, ""rag_score"": null, ""final_score"": 84.34, ""context_docs_count"": 3}",3,"{ 
  ""courseTitle"": ""Découvrez les Secrets des Circuits Électriques"",
  ""programmingLanguage"": ""None"",
  ""level"": ""beginner"",
  ""totalDuration"": ""3 heures"",
  ""objectives"": [
    ""Comprendre la base des circuits électriques"",
    ""Apprendre à calculer le pouvoir électrique""
  ],
  ""modules"": [
    {
      ""order"": 1,
      ""title"": ""Le Hook : Les Lumières de la Maison"",
      ""duration"": ""45 mins"",
      ""description"": ""Imaginez que vous voulez allumer les lumières de votre maison. Mais comment fonctionnent-elles ?"",
      ""exercise_mode"": ""theorique"",
      ""subTopics"": [
        ""La définition du pouvoir électrique"",
        ""L'importance des circuits électriques dans notre vie quotidienne""
      ]
    },
    {
      ""order"": 2,
      ""title"": ""Les Fondations : Les Bases de l'Électricité"",
      ""duration"": ""45 mins"",
      ""description"": ""Comprendre les concepts clés pour comprendre les circuits électriques."",
      ""exercise_mode"": ""theorique"",
      ""subTopics"": [
        ""La définition du voltage, de la résistance et de l'intensité"",
        ""L'application des lois d'Ohm""
      ]
    }
  ]
}",100.0,2,100,
Circuits électriques,12,beginner,llama3.1:latest,architect,2,43,3,True,True,3587.5,82.18,48.57,100,84.57,1105,"{""agent"": ""architect"", ""json_valid"": true, ""schema_compliance"": true, ""module_count"": 2, ""module_completeness"": 100.0, ""pedagogical_structure"": 100, ""latency"": 82.18, ""response_length"": 1105, ""agent_score"": 100, ""generated_content"": ""{ \n  \""courseTitle\"": \""D\u00e9couvrez les Secrets des Circuits \u00c9lectriques\"",\n  \""programmingLanguage\"": \""None\"",\n  \""level\"": \""beginner\"",\n  \""totalDuration\"": \""3 heures\"",\n  \""objectives\"": [\n    \""Comprendre la base des circuits \u00e9lectriques\"",\n    \""Apprendre \u00e0 calculer le pouvoir \u00e9lectrique\""\n  ],\n  \""modules\"": [\n    {\n      \""order\"": 1,\n      \""title\"": \""Le Hook : Les Lumi\u00e8res de la Maison\"",\n      \""duration\"": \""45 mins\"",\n      \""description\"": \""Imaginez que vous voulez allumer les lumi\u00e8res de votre maison. Mais comment fonctionnent-elles ?\"",\n      \""exercise_mode\"": \""theorique\"",\n      \""subTopics\"": [\n        \""La d\u00e9finition du pouvoir \u00e9lectrique\"",\n        \""L'importance des circuits \u00e9lectriques dans notre vie quotidienne\""\n      ]\n    },\n    {\n      \""order\"": 2,\n      \""title\"": \""Les Fondations : Les Bases de l'\u00c9lectricit\u00e9\"",\n      \""duration\"": \""45 mins\"",\n      \""description\"": \""Comprenez les concepts cl\u00e9s derri\u00e8re les circuits \u00e9lectriques.\"",\n      \""exercise_mode\"": \""theorique\"",\n      \""subTopics\"": [\n        \""La d\u00e9finition du voltage, de la r\u00e9sistance et de la courant\"",\n        \""L'application des lois d'Ohm\""\n      ]\n    }\n  ]\n}"", ""ttft_ms"": 3587.5, ""llm_score"": 48.57, ""rag_score"": null, ""final_score"": 84.57, ""context_docs_count"": 3}",3,"{ 
  ""courseTitle"": ""Découvrez les Secrets des Circuits Électriques"",
  ""programmingLanguage"": ""None"",
  ""level"": ""beginner"",
  ""totalDuration"": ""3 heures"",
  ""objectives"": [
    ""Comprendre la base des circuits électriques"",
    ""Apprendre à calculer le pouvoir électrique""
  ],
  ""modules"": [
    {
      ""order"": 1,
      ""title"": ""Le Hook : Les Lumières de la Maison"",
      ""duration"": ""45 mins"",
      ""description"": ""Imaginez que vous voulez allumer les lumières de votre maison. Mais comment fonctionnent-elles ?"",
      ""exercise_mode"": ""theorique"",
      ""subTopics"": [
        ""La définition du pouvoir électrique"",
        ""L'importance des circuits électriques dans notre vie quotidienne""
      ]
    },
    {
      ""order"": 2,
      ""title"": ""Les Fondations : Les Bases de l'Électricité"",
      ""duration"": ""45 mins"",
      ""description"": ""Comprenez les concepts clés derrière les circuits électriques."",
      ""exercise_mode"": ""theorique"",
      ""subTopics"": [
        ""La définition du voltage, de la résistance et de la courant"",
        ""L'application des lois d'Ohm""
      ]
    }
  ]
}",100.0,2,100,
Circuits électriques,12,beginner,llama3.1:latest,architect,3,44,3,True,True,3389.8,88.07,48.23,100,84.47,1274,"{""agent"": ""architect"", ""json_valid"": true, ""schema_compliance"": true, ""module_count"": 2, ""module_completeness"": 100.0, ""pedagogical_structure"": 100, ""latency"": 88.07, ""response_length"": 1274, ""agent_score"": 100, ""generated_content"": ""{ \n  \""courseTitle\"": \""D\u00e9couvrez les Secrets des Circuits \u00c9lectriques\"",\n  \""programmingLanguage\"": \""None\"",\n  \""level\"": \""beginner\"",\n  \""totalDuration\"": \""3 heures\"",\n  \""objectives\"": [\n    \""Comprendre la notion de puissance \u00e9lectrique et son utilit\u00e9 dans le monde r\u00e9el\"",\n    \""Apprendre \u00e0 calculer la r\u00e9sistance d'un circuit\""\n  ],\n  \""modules\"": [\n    {\n      \""order\"": 1,\n      \""title\"": \""L'Utilit\u00e9 des Circuits \u00c9lectriques dans le Monde R\u00e9el\"",\n      \""duration\"": \""45 mins\"",\n      \""description\"": \""D\u00e9couvrez comment les circuits \u00e9lectriques sont utilis\u00e9s dans notre vie quotidienne, de la lumi\u00e8re aux appareils \u00e9lectroniques.\"",\n      \""exercise_mode\"": \""theorique\"",\n      \""subTopics\"": [\n        \""D\u00e9finition de la puissance \u00e9lectrique et son unit\u00e9 (watts)\"",\n        \""Exemple d'utilisation de la puissance \u00e9lectrique dans un sc\u00e9nario r\u00e9el\""\n      ]\n    },\n    {\n      \""order\"": 2,\n      \""title\"": \""Calculer la R\u00e9sistance d'un Circuit\"",\n      \""duration\"": \""45 mins\"",\n      \""description\"": \""Apprenez \u00e0 calculer la r\u00e9sistance d'un circuit en utilisant les lois de Ohm et la formule P = V x I.\"",\n      \""exercise_mode\"": \""theorique\"",\n      \""subTopics\"": [\n        \""D\u00e9finition de la r\u00e9sistance et son unit\u00e9 (ohms)\"",\n        \""Exemple de calcul de r\u00e9sistance avec une application pratique\""\n      ]\n    }\n  ]\n}"", ""ttft_ms"": 3389.8, ""llm_score"": 48.23, ""rag_score"": null, ""final_score"": 84.47, ""context_docs_count"": 3}",3,"{ 
  ""courseTitle"": ""Découvrez les Secrets des Circuits Électriques"",
  ""programmingLanguage"": ""None"",
  ""level"": ""beginner"",
  ""totalDuration"": ""3 heures"",
  ""objectives"": [
    ""Comprendre la notion de puissance électrique et son utilité dans le monde réel"",
    ""Apprendre à calculer la résistance d'un circuit""
  ],
  ""modules"": [
    {
      ""order"": 1,
      ""title"": ""L'Utilité des Circuits Électriques dans le Monde Réel"",
      ""duration"": ""45 mins"",
      ""description"": ""Découvrez comment les circuits électriques sont utilisés dans notre vie quotidienne, de la lumière aux appareils électroniques."",
      ""exercise_mode"": ""theorique"",
      ""subTopics"": [
        ""Définition de la puissance électrique et son unité (watts)"",
        ""Exemple d'utilisation de la puissance électrique dans un scénario réel""
      ]
    },
    {
      ""order"": 2,
      ""title"": ""Calculer la Résistance d'un Circuit"",
      ""duration"": ""45 mins"",
      ""description"": ""Apprenez à calculer la résistance d'un circuit en utilisant les lois de Ohm et la formule P = V x I."",
      ""exercise_mode"": ""theorique"",
      ""subTopics"": [
        ""Définition de la résistance et son unité (ohms)"",
        ""Exemple de calcul de résistance avec une application pratique""
      ]
    }
  ]
}",100.0,2,100,
