topic,age,level,model,agent,run_index,seed,repeat_count,json_valid,schema_compliance,word_count,examples_count,readability,lix_value,content_coverage,tone_encouragement,tone_simplicity,tone_engagement,ragas_faithfulness,ragas_answer_relevancy,ragas_context_precision,ragas_context_recall,ragas_avg,ragas_status,hallucination_rate,ttft_ms,latency,rag_score,llm_score,agent_score,final_score,response_length,details,pedagogical_graph_json,citation_coverage,citation_format_valid,citations_count,citations_present,critic_approved,critic_rejection_reason,educational_richness,generated_content,keyword_coverage,tone_source
Circuits électriques,12,beginner,llama3.1:latest,writer,1,42,3,True,True,165,1,39.32,54.27,46.32,,2.39,30.0,1.0,0.8197,1.0,0.8824,0.9255,ok,0.0,170976.0,278.47,91.93,80.0,54,69.39,1231,"{""agent"": ""writer"", ""json_valid"": true, ""schema_compliance"": true, ""word_count"": 165, ""examples_count"": 1, ""readability"": 39.32, ""lix_value"": 54.27, ""educational_richness"": 10.53, ""keyword_coverage"": 100.0, ""tone_simplicity"": 2.39, ""ragas_faithfulness"": 1.0, ""ragas_answer_relevancy"": 0.8197, ""ragas_context_precision"": 1.0, ""ragas_context_recall"": 0.8824, ""ragas_avg"": 0.9255, ""ragas_status"": ""ok"", ""latency"": 278.47, ""response_length"": 1231, ""agent_score"": 54, ""content_coverage"": 46.32, ""tone_engagement"": 30.0, ""tone_source"": ""groq"", ""citations_count"": 0, ""citations_present"": false, ""citation_coverage"": 0.0, ""citation_format_valid"": false, ""generated_content"": ""{\n  \""order\"": 1,\n  \""title\"": \""Circuits série et parallèle\"",\n  \""content\"": \""## Circuits série et parallèle\\\\n\\\\nLes circuits série et parallèle sont des types de circuits électriques utilisés pour la transmission d'électricité. (Source Scientifique 1)\\\\n\\\\nUn circuit série est un type de circuit où les composants électriques sont connectés en série, ce qui signifie que le courant doit passer à travers chaque composant avant de continuer son chemin. En revanche, un circuit parallèle est un type de circuit où les composants électriques sont connectés en parallèle, ce qui signifie que le courant peut passer à travers n'importe quel composant sans avoir besoin de passer à travers les autres. (Source Scientifique 2)\\\\n\\\\nL'une des principales différences entre un circuit série et un circuit parallèle est la façon dont le courant est distribué. Dans un circuit série, le courant est limité par la résistance la plus élevée dans la chaîne, tandis que dans un circuit parallèle, le courant est augmenté par l'ajout de composants supplémentaires. (Source Scientifique 1)\\\\n\\\\nVoici un exemple de comment fonctionnent les circuits série et parallèles :\\\\n\\\\n[Image ou schéma]...\"",\n  \""word_count\"": 300,\n  \""language_target\"": \""French\""\n}"", ""ttft_ms"": 170976.0, ""llm_score"": 80.0, ""rag_score"": 91.93, ""final_score"": 69.39, ""hallucination_rate"": 0.0, ""context_docs_count"": 4, ""critic_approved"": false, ""critic_rejection_reason"": ""Le cours n'aborde pas suffisamment les aspects pratiques des circuits électriques, ce qui peut rendre difficile la compréhension pour les élèves.""}",C:\Users\raoui\OneDrive\Bureau\TechKids\techkids-hub\apps\ai-brain\benchmarking\outputs\graph_Circuits électriques_age12_llama3.1_latest_20260608_130157.json,,,,,False,"Le cours n'aborde pas suffisamment les aspects pratiques des circuits électriques, ce qui peut rendre difficile la compréhension pour les élèves.",,"{
  ""order"": 1,
  ""title"": ""Circuits série et parallèle"",
  ""content"": ""## Circuits série et parallèle\\n\\nLes circuits série et parallèle sont des types de circuits électriques utilisés pour la transmission d'électricité. (Source Scientifique 1)\\n\\nUn circuit série est un type de circuit où les composants électriques sont connectés en série, ce qui signifie que le courant doit passer à travers chaque composant avant de continuer son chemin. En revanche, un circuit parallèle est un type de circuit où les composants électriques sont connectés en parallèle, ce qui signifie que le courant peut passer à travers n'importe quel composant sans avoir besoin de passer à travers les autres. (Source Scientifique 2)\\n\\nL'une des principales différences entre un circuit série et un circuit parallèle est la façon dont le courant est distribué. Dans un circuit série, le courant est limité par la résistance la plus élevée dans la chaîne, tandis que dans un circuit parallèle, le courant est augmenté par l'ajout de composants supplémentaires. (Source Scientifique 1)\\n\\nVoici un exemple de comment fonctionnent les circuits série et parallèles :\\n\\n[Image ou schéma]..."",
  ""word_count"": 300,
  ""language_target"": ""French""
}",,groq
Circuits électriques,12,beginner,llama3.1:latest,writer,2,43,3,True,True,207,0,61.75,45.3,40.0,,7.86,60.0,0.7778,0.8393,1.0,0.8,0.8543,ok,0.2222,245483.8,352.31,83.6,71.11,53,64.55,1291,"{""agent"": ""writer"", ""json_valid"": true, ""schema_compliance"": true, ""word_count"": 207, ""examples_count"": 0, ""readability"": 61.75, ""lix_value"": 45.3, ""educational_richness"": 0.0, ""keyword_coverage"": 100.0, ""tone_simplicity"": 7.86, ""ragas_faithfulness"": 0.7778, ""ragas_answer_relevancy"": 0.8393, ""ragas_context_precision"": 1.0, ""ragas_context_recall"": 0.8, ""ragas_avg"": 0.8543, ""ragas_status"": ""ok"", ""latency"": 352.31, ""response_length"": 1291, ""agent_score"": 53, ""content_coverage"": 40.0, ""tone_engagement"": 60.0, ""tone_source"": ""groq"", ""citations_count"": 0, ""citations_present"": false, ""citation_coverage"": 0.0, ""citation_format_valid"": false, ""generated_content"": ""{\n  \""order\"": 1,\n  \""title\"": \""Circuits série et parallèle\"",\n  \""content\"": \""## Circuits série et parallèle\\\\nLes circuits série et parallèle sont des types de circuits électriques utilisés pour la transmission d'électricité.\\\\n\\\\n[Source Scientifique 1]: between a series circuit and a parallel circuit is that the current is actually increased. Remember when we had, let's go back and remove this and just connect it together, so remember here we had 0.90 amps for one light bulb, but here we now have 1.8 amps. In other words the electricity is actually flowing faster. Why is that? Well here there is the current of this thread and there's the current of this branch and the two currents together are going to sum up to this current. And so before when we were saying the voltage dropped in each of those sums up to the voltage of the battery, well in a parallel circuit those two pathways, in other words those two currents are going to sum up to the current of that, the whole branch. Another thing that happens in a parallel circuit, let's kind of remove this light bulb, and so remember when I removed a series light bulb the whole thing went out, but in a parallel circuit when I remove one of those light bulbs, the other one keeps\"",\n  \""word_count\"": 256,\n  \""language_target\"": \""French\""\n}"", ""ttft_ms"": 245483.8, ""llm_score"": 71.11, ""rag_score"": 83.6, ""final_score"": 64.55, ""hallucination_rate"": 0.2222, ""context_docs_count"": 4, ""critic_approved"": false, ""critic_rejection_reason"": ""Le cours n'a pas une structure logique, les concepts sont présentés sans progression claire.""}",C:\Users\raoui\OneDrive\Bureau\TechKids\techkids-hub\apps\ai-brain\benchmarking\outputs\graph_Circuits électriques_age12_llama3.1_latest_20260608_130157.json,,,,,False,"Le cours n'a pas une structure logique, les concepts sont présentés sans progression claire.",,"{
  ""order"": 1,
  ""title"": ""Circuits série et parallèle"",
  ""content"": ""## Circuits série et parallèle\\nLes circuits série et parallèle sont des types de circuits électriques utilisés pour la transmission d'électricité.\\n\\n[Source Scientifique 1]: between a series circuit and a parallel circuit is that the current is actually increased. Remember when we had, let's go back and remove this and just connect it together, so remember here we had 0.90 amps for one light bulb, but here we now have 1.8 amps. In other words the electricity is actually flowing faster. Why is that? Well here there is the current of this thread and there's the current of this branch and the two currents together are going to sum up to this current. And so before when we were saying the voltage dropped in each of those sums up to the voltage of the battery, well in a parallel circuit those two pathways, in other words those two currents are going to sum up to the current of that, the whole branch. Another thing that happens in a parallel circuit, let's kind of remove this light bulb, and so remember when I removed a series light bulb the whole thing went out, but in a parallel circuit when I remove one of those light bulbs, the other one keeps"",
  ""word_count"": 256,
  ""language_target"": ""French""
}",,groq
