topic,age,level,model,agent,run_index,seed,repeat_count,json_valid,ttft_ms,latency,llm_score,agent_score,final_score,response_length,details,answer_index_validity,diversity_score,exercise_count,generated_content,options_validity,schema_validity,score,valid_exercises
Python,12,beginner,llama3.1:latest,enricher,1,42,3,True,12882.7,91.42,47.43,0,14.23,750,"{""agent"": ""enricher"", ""json_valid"": true, ""schema_validity"": 0, ""options_validity"": 0, ""answer_index_validity"": 0, ""diversity_score"": 0, ""exercise_count"": 0, ""valid_exercises"": 0, ""latency"": 91.42, ""response_length"": 750, ""agent_score"": 0, ""critic_parsed_json"": {""question"": ""Qu'est-ce que les type annotations en Python ?"", ""options"": [""Des \u00e9tiquettes pour nos variables qui nous aident \u00e0 savoir quel type de donn\u00e9es nous devons stocker dans chaque variable."", ""Des fonctions qui nous permettent d'ajouter des \u00e9l\u00e9ments \u00e0 une liste."", ""Des boucles qui r\u00e9p\u00e8tent une action plusieurs fois."", ""Des variables qui stockent des valeurs num\u00e9riques.""], ""correct_index"": 0, ""explanation"": ""Bravo ! En fait, les type annotations sont comme des \u00e9tiquettes pour nos variables qui nous aident \u00e0 savoir quel type de donn\u00e9es nous devons stocker dans chaque variable. Par exemple, si nous voulons que notre \u00e2ge soit un nombre entier, nous pouvons le d\u00e9clarer comme suit : `def person(age: int) :`""}, ""approved"": null, ""critic_rejection_reason"": """", ""generated_content"": ""{\n  \""question\"": \""Qu'est-ce que les type annotations en Python ?\"",\n  \""options\"": [\n    \""Des \u00e9tiquettes pour nos variables qui nous aident \u00e0 savoir quel type de donn\u00e9es nous devons stocker dans chaque variable.\"",\n    \""Des fonctions qui nous permettent d'ajouter des \u00e9l\u00e9ments \u00e0 une liste.\"",\n    \""Des boucles qui r\u00e9p\u00e8tent une action plusieurs fois.\"",\n    \""Des variables qui stockent des valeurs num\u00e9riques.\""\n  ],\n  \""correct_index\"": 0,\n  \""explanation\"": \""Bravo ! En fait, les type annotations sont comme des \u00e9tiquettes pour nos variables qui nous aident \u00e0 savoir quel type de donn\u00e9es nous devons stocker dans chaque variable. Par exemple, si nous voulons que notre \u00e2ge soit un nombre entier, nous pouvons le d\u00e9clarer comme suit : `def person(age: int) :`\""\n}"", ""ttft_ms"": 12882.7, ""llm_score"": 47.43, ""rag_score"": null, ""final_score"": 14.23}",0,0,0,"{
  ""question"": ""Qu'est-ce que les type annotations en Python ?"",
  ""options"": [
    ""Des étiquettes pour nos variables qui nous aident à savoir quel type de données nous devons stocker dans chaque variable."",
    ""Des fonctions qui nous permettent d'ajouter des éléments à une liste."",
    ""Des boucles qui répètent une action plusieurs fois."",
    ""Des variables qui stockent des valeurs numériques.""
  ],
  ""correct_index"": 0,
  ""explanation"": ""Bravo ! En fait, les type annotations sont comme des étiquettes pour nos variables qui nous aident à savoir quel type de données nous devons stocker dans chaque variable. Par exemple, si nous voulons que notre âge soit un nombre entier, nous pouvons le déclarer comme suit : `def person(age: int) :`""
}",0,0,,0
Python,12,beginner,llama3.1:latest,enricher,2,43,3,True,11336.6,133.78,44.08,100,83.22,1076,"{""agent"": ""enricher"", ""json_valid"": true, ""schema_validity"": 100.0, ""options_validity"": 100.0, ""answer_index_validity"": 100.0, ""diversity_score"": 100.0, ""exercise_count"": 2, ""valid_exercises"": 2, ""latency"": 133.78, ""response_length"": 1076, ""agent_score"": 100, ""critic_parsed_json"": {""questions"": [{""question"": ""Qu'est-ce que les type annotations ?"", ""options"": [""Des super-pouvoirs de la programmation"", ""Un langage de programmation facile \u00e0 apprendre et puissant"", ""Une variable qui devrait \u00eatre un nombre entier"", ""Ces annotations disent au codeur ou \u00e0 la static type Checker ce que nous essayons de faire""], ""correct_index"": 3, ""explanation"": ""Bravo ! En fait, les type annotations sont des informations sur le type d'une variable. C'est comme si vous disiez au codeur ou \u00e0 la static type Checker ce que vous essayez de faire.""}, {""question"": ""Quel est l'exemple donn\u00e9 pour utiliser un for-in loop ?"", ""options"": [""Imprimer tous les nombres de 0 \u00e0 99"", ""Cr\u00e9er une liste contenant vos trois meilleurs amis"", ""Utiliser un langage de programmation facile \u00e0 apprendre et puissant"", ""Ajouter des informations sur le type d'une variable""], ""correct_index"": 1, ""explanation"": ""Super ! En fait, l'exemple donn\u00e9 pour utiliser un for-in loop est d'imprimer tous les nombres de 0 \u00e0 99.""}]}, ""approved"": null, ""critic_rejection_reason"": """", ""generated_content"": ""{ \n  \""questions\"": [\n    {\n      \""question\"": \""Qu'est-ce que les type annotations ?\"",\n      \""options\"": [\""Des super-pouvoirs de la programmation\"", \""Un langage de programmation facile \u00e0 apprendre et puissant\"", \""Une variable qui devrait \u00eatre un nombre entier\"", \""Ces annotations disent au codeur ou \u00e0 la static type Checker ce que nous essayons de faire\""],\n      \""correct_index\"": 3,\n      \""explanation\"": \""Bravo ! En fait, les type annotations sont des informations sur le type d'une variable. C'est comme si vous disiez au codeur ou \u00e0 la static type Checker ce que vous essayez de faire.\""\n    },\n    {\n      \""question\"": \""Quel est l'exemple donn\u00e9 pour utiliser un for-in loop ?\"",\n      \""options\"": [\""Imprimer tous les nombres de 0 \u00e0 99\"", \""Cr\u00e9er une liste contenant vos trois meilleurs amis\"", \""Utiliser un langage de programmation facile \u00e0 apprendre et puissant\"", \""Ajouter des informations sur le type d'une variable\""],\n      \""correct_index\"": 1,\n      \""explanation\"": \""Super ! En fait, l'exemple donn\u00e9 pour utiliser un for-in loop est d'imprimer tous les nombres de 0 \u00e0 99.\""\n    }\n  ]\n}"", ""ttft_ms"": 11336.6, ""llm_score"": 44.08, ""rag_score"": null, ""final_score"": 83.22}",100.0,100.0,2,"{ 
  ""questions"": [
    {
      ""question"": ""Qu'est-ce que les type annotations ?"",
      ""options"": [""Des super-pouvoirs de la programmation"", ""Un langage de programmation facile à apprendre et puissant"", ""Une variable qui devrait être un nombre entier"", ""Ces annotations disent au codeur ou à la static type Checker ce que nous essayons de faire""],
      ""correct_index"": 3,
      ""explanation"": ""Bravo ! En fait, les type annotations sont des informations sur le type d'une variable. C'est comme si vous disiez au codeur ou à la static type Checker ce que vous essayez de faire.""
    },
    {
      ""question"": ""Quel est l'exemple donné pour utiliser un for-in loop ?"",
      ""options"": [""Imprimer tous les nombres de 0 à 99"", ""Créer une liste contenant vos trois meilleurs amis"", ""Utiliser un langage de programmation facile à apprendre et puissant"", ""Ajouter des informations sur le type d'une variable""],
      ""correct_index"": 1,
      ""explanation"": ""Super ! En fait, l'exemple donné pour utiliser un for-in loop est d'imprimer tous les nombres de 0 à 99.""
    }
  ]
}",100.0,100.0,,2
Python,12,beginner,llama3.1:latest,enricher,3,44,3,True,13883.4,92.61,45.52,100,83.66,787,"{""agent"": ""enricher"", ""json_valid"": true, ""schema_validity"": 100.0, ""options_validity"": 100.0, ""answer_index_validity"": 100.0, ""diversity_score"": 100.0, ""exercise_count"": 2, ""valid_exercises"": 2, ""latency"": 92.61, ""response_length"": 787, ""agent_score"": 100, ""critic_parsed_json"": {""questions"": [{""question"": ""Qu'est-ce que Python ?"", ""options"": [""Un langage de programmation"", ""Un jeu vid\u00e9o"", ""Une application mobile"", ""Un robot""], ""correct_index"": 0, ""explanation"": ""Bravo ! En fait, Python est un langage de programmation qui vous aide \u00e0 cr\u00e9er des jeux, des applications et m\u00eame des robots.""}, {""question"": ""Qu'est-ce que les types de donn\u00e9es ?"", ""options"": [""Des \u00e9tiquettes pour les variables"", ""Des cartons pour les listes"", ""Des machines \u00e0 faire travailler plusieurs fois la m\u00eame chose"", ""Des poids pour les fruits""], ""correct_index"": 0, ""explanation"": ""Super ! En fait, les types de donn\u00e9es sont comme des \u00e9tiquettes qui disent \u00e0 votre programme ce qu'est exactement une variable.""}]}, ""approved"": null, ""critic_rejection_reason"": """", ""generated_content"": ""{ \n  \""questions\"": [\n    {\n      \""question\"": \""Qu'est-ce que Python ?\"",\n      \""options\"": [\""Un langage de programmation\"", \""Un jeu vid\u00e9o\"", \""Une application mobile\"", \""Un robot\""],\n      \""correct_index\"": 0,\n      \""explanation\"": \""Bravo ! En fait, Python est un langage de programmation qui vous aide \u00e0 cr\u00e9er des jeux, des applications et m\u00eame des robots.\""\n    },\n    {\n      \""question\"": \""Qu'est-ce que les types de donn\u00e9es ?\"",\n      \""options\"": [\""Des \u00e9tiquettes pour les variables\"", \""Des cartons pour les listes\"", \""Des machines \u00e0 faire travailler plusieurs fois la m\u00eame chose\"", \""Des poids pour les fruits\""],\n      \""correct_index\"": 0,\n      \""explanation\"": \""Super ! En fait, les types de donn\u00e9es sont comme des \u00e9tiquettes qui disent \u00e0 votre programme ce qu'est exactement une variable.\""\n    }\n  ]\n}"", ""ttft_ms"": 13883.4, ""llm_score"": 45.52, ""rag_score"": null, ""final_score"": 83.66}",100.0,100.0,2,"{ 
  ""questions"": [
    {
      ""question"": ""Qu'est-ce que Python ?"",
      ""options"": [""Un langage de programmation"", ""Un jeu vidéo"", ""Une application mobile"", ""Un robot""],
      ""correct_index"": 0,
      ""explanation"": ""Bravo ! En fait, Python est un langage de programmation qui vous aide à créer des jeux, des applications et même des robots.""
    },
    {
      ""question"": ""Qu'est-ce que les types de données ?"",
      ""options"": [""Des étiquettes pour les variables"", ""Des cartons pour les listes"", ""Des machines à faire travailler plusieurs fois la même chose"", ""Des poids pour les fruits""],
      ""correct_index"": 0,
      ""explanation"": ""Super ! En fait, les types de données sont comme des étiquettes qui disent à votre programme ce qu'est exactement une variable.""
    }
  ]
}",100.0,100.0,,2
