topic,age,level,model,agent,run_index,seed,repeat_count,json_valid,schema_compliance,ttft_ms,latency,llm_score,agent_score,final_score,response_length,details,pedagogical_graph_json,consistency_score,generated_content,issue_completeness,score_range_validity
Circuits électriques,12,beginner,llama3.1:latest,critic,1,42,3,True,True,13143.9,73.8,87.7,75,78.81,848,"{""agent"": ""critic"", ""json_valid"": true, ""schema_compliance"": true, ""score_range_validity"": true, ""consistency_score"": 0, ""issue_completeness"": 100, ""latency"": 73.8, ""response_length"": 848, ""agent_score"": 75, ""critic_parsed_json"": {""score"": 60, ""approved"": false, ""module_issues"": [{""module"": ""Circuits s\u00e9rie et parall\u00e8le"", ""issue"": ""Le vocabulaire utilis\u00e9 est trop technique pour un enfant de 12 ans. Par exemple, la notion de r\u00e9sistance la plus \u00e9lev\u00e9e dans une cha\u00eene peut \u00eatre difficile \u00e0 comprendre pour ce niveau d'\u00e2ge.""}, {""module"": ""Circuits s\u00e9rie et parall\u00e8le"", ""issue"": ""L'exemple fourni est trop abstrait et ne permet pas aux \u00e9l\u00e8ves de visualiser concr\u00e8tement la diff\u00e9rence entre les circuits s\u00e9rie et parall\u00e8les.""}], ""global_issues"": [""Le cours n'aborde pas suffisamment les aspects pratiques des circuits \u00e9lectriques, ce qui peut rendre difficile la compr\u00e9hension pour les \u00e9l\u00e8ves."", ""La progression de difficult\u00e9 technique entre le Module 1 et le dernier Module n'est pas clairement d\u00e9finie.""]}, ""approved"": false, ""critic_rejection_reason"": ""Le cours n'aborde pas suffisamment les aspects pratiques des circuits \u00e9lectriques, ce qui peut rendre difficile la compr\u00e9hension pour les \u00e9l\u00e8ves."", ""generated_content"": ""{  \n  \""score\"": 60,\n  \""approved\"": false,\n  \""module_issues\"": [ \n    {\n      \""module\"": \""Circuits s\u00e9rie et parall\u00e8le\"",\n      \""issue\"": \""Le vocabulaire utilis\u00e9 est trop technique pour un enfant de 12 ans. Par exemple, la notion de r\u00e9sistance la plus \u00e9lev\u00e9e dans une cha\u00eene peut \u00eatre difficile \u00e0 comprendre pour ce niveau d'\u00e2ge.\""\n    },\n    {\n      \""module\"": \""Circuits s\u00e9rie et parall\u00e8le\"",\n      \""issue\"": \""L'exemple fourni est trop abstrait et ne permet pas aux \u00e9l\u00e8ves de visualiser concr\u00e8tement la diff\u00e9rence entre les circuits s\u00e9rie et parall\u00e8les.\""\n    }\n  ],\n  \""global_issues\"": [\n    \""Le cours n'aborde pas suffisamment les aspects pratiques des circuits \u00e9lectriques, ce qui peut rendre difficile la compr\u00e9hension pour les \u00e9l\u00e8ves.\"",\n    \""La progression de difficult\u00e9 technique entre le Module 1 et le dernier Module n'est pas clairement d\u00e9finie.\""\n  ]\n}"", ""ttft_ms"": 13143.9, ""llm_score"": 87.7, ""rag_score"": null, ""final_score"": 78.81}",C:\Users\raoui\OneDrive\Bureau\TechKids\techkids-hub\apps\ai-brain\benchmarking\outputs\graph_Circuits électriques_age12_llama3.1_latest_20260608_130157.json,0,"{  
  ""score"": 60,
  ""approved"": false,
  ""module_issues"": [ 
    {
      ""module"": ""Circuits série et parallèle"",
      ""issue"": ""Le vocabulaire utilisé est trop technique pour un enfant de 12 ans. Par exemple, la notion de résistance la plus élevée dans une chaîne peut être difficile à comprendre pour ce niveau d'âge.""
    },
    {
      ""module"": ""Circuits série et parallèle"",
      ""issue"": ""L'exemple fourni est trop abstrait et ne permet pas aux élèves de visualiser concrètement la différence entre les circuits série et parallèles.""
    }
  ],
  ""global_issues"": [
    ""Le cours n'aborde pas suffisamment les aspects pratiques des circuits électriques, ce qui peut rendre difficile la compréhension pour les élèves."",
    ""La progression de difficulté technique entre le Module 1 et le dernier Module n'est pas clairement définie.""
  ]
}",100,True
Circuits électriques,12,beginner,llama3.1:latest,critic,2,43,3,True,True,35554.2,101.28,83.12,100,94.94,793,"{""agent"": ""critic"", ""json_valid"": true, ""schema_compliance"": true, ""score_range_validity"": true, ""consistency_score"": 100, ""issue_completeness"": 100, ""latency"": 101.28, ""response_length"": 793, ""agent_score"": 100, ""critic_parsed_json"": {""score"": 40, ""approved"": false, ""module_issues"": [{""module"": ""Circuits s\u00e9rie et parall\u00e8le"", ""issue"": ""Le vocabulaire utilis\u00e9 est trop complexe pour un enfant de 12 ans. Par exemple, le terme 'voltage' n'est pas d\u00e9fini clairement.""}, {""module"": ""Circuits s\u00e9rie et parall\u00e8le"", ""issue"": ""L'analogie utilis\u00e9e pour expliquer la diff\u00e9rence entre les circuits s\u00e9rie et parall\u00e8les est incompr\u00e9hensible. Les \u00e9tudiants de 12 ans ne comprendront pas l'explication sur le 'current'.""}], ""global_issues"": [""Le cours n'a pas une structure logique, les concepts sont pr\u00e9sent\u00e9s sans progression claire."", ""Les exemples utilis\u00e9s pour illustrer la diff\u00e9rence entre les circuits s\u00e9rie et parall\u00e8les ne sont pas pertinents ou r\u00e9alistes.""]}, ""approved"": false, ""critic_rejection_reason"": ""Le cours n'a pas une structure logique, les concepts sont pr\u00e9sent\u00e9s sans progression claire."", ""generated_content"": ""{  \n  \""score\"": 40,\n  \""approved\"": false,\n  \""module_issues\"": [ \n    {\n      \""module\"": \""Circuits s\u00e9rie et parall\u00e8le\"",\n      \""issue\"": \""Le vocabulaire utilis\u00e9 est trop complexe pour un enfant de 12 ans. Par exemple, le terme 'voltage' n'est pas d\u00e9fini clairement.\""\n    },\n    {\n      \""module\"": \""Circuits s\u00e9rie et parall\u00e8le\"",\n      \""issue\"": \""L'analogie utilis\u00e9e pour expliquer la diff\u00e9rence entre les circuits s\u00e9rie et parall\u00e8les est incompr\u00e9hensible. Les \u00e9tudiants de 12 ans ne comprendront pas l'explication sur le 'current'.\""\n    }\n  ],\n  \""global_issues\"": [\n    \""Le cours n'a pas une structure logique, les concepts sont pr\u00e9sent\u00e9s sans progression claire.\"",\n    \""Les exemples utilis\u00e9s pour illustrer la diff\u00e9rence entre les circuits s\u00e9rie et parall\u00e8les ne sont pas pertinents ou r\u00e9alistes.\""\n  ]\n}"", ""ttft_ms"": 35554.2, ""llm_score"": 83.12, ""rag_score"": null, ""final_score"": 94.94}",C:\Users\raoui\OneDrive\Bureau\TechKids\techkids-hub\apps\ai-brain\benchmarking\outputs\graph_Circuits électriques_age12_llama3.1_latest_20260608_130157.json,100,"{  
  ""score"": 40,
  ""approved"": false,
  ""module_issues"": [ 
    {
      ""module"": ""Circuits série et parallèle"",
      ""issue"": ""Le vocabulaire utilisé est trop complexe pour un enfant de 12 ans. Par exemple, le terme 'voltage' n'est pas défini clairement.""
    },
    {
      ""module"": ""Circuits série et parallèle"",
      ""issue"": ""L'analogie utilisée pour expliquer la différence entre les circuits série et parallèles est incompréhensible. Les étudiants de 12 ans ne comprendront pas l'explication sur le 'current'.""
    }
  ],
  ""global_issues"": [
    ""Le cours n'a pas une structure logique, les concepts sont présentés sans progression claire."",
    ""Les exemples utilisés pour illustrer la différence entre les circuits série et parallèles ne sont pas pertinents ou réalistes.""
  ]
}",100,True
Circuits électriques,12,beginner,llama3.1:latest,critic,3,44,3,True,True,46496.0,153.75,80.0,100,94.0,1390,"{""agent"": ""critic"", ""json_valid"": true, ""schema_compliance"": true, ""score_range_validity"": true, ""consistency_score"": 100, ""issue_completeness"": 100, ""latency"": 153.75, ""response_length"": 1390, ""agent_score"": 100, ""critic_parsed_json"": {""score"": 0, ""approved"": false, ""module_issues"": [{""module"": ""Module 1 : Introduction aux circuits \u00e9lectriques"", ""issue"": ""Le vocabulaire utilis\u00e9 est trop technique pour un enfant de 12 ans. Par exemple, la notion de 'tension' et 'courant' n'est pas clairement expliqu\u00e9e.""}, {""module"": ""Module 2 : Les composants \u00e9lectriques"", ""issue"": ""La progression entre le Module 1 et le Module 2 est trop rapide. Le contenu du Module 2 n\u00e9cessite une connaissance pr\u00e9alable des concepts de base qui n'est pas fournie.""}, {""module"": ""Module 3 : Les circuits s\u00e9rie et parall\u00e8le"", ""issue"": ""Le Hook du module commence par une th\u00e9orie pure sans lien avec un sc\u00e9nario r\u00e9el ou une mission concr\u00e8te. Cela rend difficile la compr\u00e9hension des concepts pour les \u00e9l\u00e8ves.""}, {""module"": ""Module 4 : Les circuits combin\u00e9s"", ""issue"": ""Le contenu du Module 4 utilise des termes techniques ('imp\u00e9dance', 'admittance') qui ne sont pas d\u00e9finis ou expliqu\u00e9s dans le cours. Cela constitue une hallucination.""}], ""global_issues"": [""La progression entre les modules n'est pas logique et n\u00e9cessite une connaissance pr\u00e9alable des concepts de base qui n'est pas fournie."", ""Le contenu est trop technique pour un enfant de 12 ans. Il faudrait adapter le vocabulaire, les concepts et les analogies \u00e0 l'\u00e2ge cible.""]}, ""approved"": false, ""critic_rejection_reason"": ""La progression entre les modules n'est pas logique et n\u00e9cessite une connaissance pr\u00e9alable des concepts de base qui n'est pas fournie."", ""generated_content"": ""{ \n  \""score\"": 0,\n  \""approved\"": false,\n  \""module_issues\"": [\n    {\n      \""module\"": \""Module 1 : Introduction aux circuits \u00e9lectriques\"",\n      \""issue\"": \""Le vocabulaire utilis\u00e9 est trop technique pour un enfant de 12 ans. Par exemple, la notion de 'tension' et 'courant' n'est pas clairement expliqu\u00e9e.\""\n    },\n    {\n      \""module\"": \""Module 2 : Les composants \u00e9lectriques\"",\n      \""issue\"": \""La progression entre le Module 1 et le Module 2 est trop rapide. Le contenu du Module 2 n\u00e9cessite une connaissance pr\u00e9alable des concepts de base qui n'est pas fournie.\""\n    },\n    {\n      \""module\"": \""Module 3 : Les circuits s\u00e9rie et parall\u00e8le\"",\n      \""issue\"": \""Le Hook du module commence par une th\u00e9orie pure sans lien avec un sc\u00e9nario r\u00e9el ou une mission concr\u00e8te. Cela rend difficile la compr\u00e9hension des concepts pour les \u00e9l\u00e8ves.\""\n    },\n    {\n      \""module\"": \""Module 4 : Les circuits combin\u00e9s\"",\n      \""issue\"": \""Le contenu du Module 4 utilise des termes techniques ('imp\u00e9dance', 'admittance') qui ne sont pas d\u00e9finis ou expliqu\u00e9s dans le cours. Cela constitue une hallucination.\""\n    }\n  ],\n  \""global_issues\"": [\n    \""La progression entre les modules n'est pas logique et n\u00e9cessite une connaissance pr\u00e9alable des concepts de base qui n'est pas fournie.\"",\n    \""Le contenu est trop technique pour un enfant de 12 ans. Il faudrait adapter le vocabulaire, les concepts et les analogies \u00e0 l'\u00e2ge cible.\""\n  ]\n}"", ""ttft_ms"": 46496.0, ""llm_score"": 80.0, ""rag_score"": null, ""final_score"": 94.0}",C:\Users\raoui\OneDrive\Bureau\TechKids\techkids-hub\apps\ai-brain\benchmarking\outputs\graph_Circuits électriques_age12_llama3.1_latest_20260608_130157.json,100,"{ 
  ""score"": 0,
  ""approved"": false,
  ""module_issues"": [
    {
      ""module"": ""Module 1 : Introduction aux circuits électriques"",
      ""issue"": ""Le vocabulaire utilisé est trop technique pour un enfant de 12 ans. Par exemple, la notion de 'tension' et 'courant' n'est pas clairement expliquée.""
    },
    {
      ""module"": ""Module 2 : Les composants électriques"",
      ""issue"": ""La progression entre le Module 1 et le Module 2 est trop rapide. Le contenu du Module 2 nécessite une connaissance préalable des concepts de base qui n'est pas fournie.""
    },
    {
      ""module"": ""Module 3 : Les circuits série et parallèle"",
      ""issue"": ""Le Hook du module commence par une théorie pure sans lien avec un scénario réel ou une mission concrète. Cela rend difficile la compréhension des concepts pour les élèves.""
    },
    {
      ""module"": ""Module 4 : Les circuits combinés"",
      ""issue"": ""Le contenu du Module 4 utilise des termes techniques ('impédance', 'admittance') qui ne sont pas définis ou expliqués dans le cours. Cela constitue une hallucination.""
    }
  ],
  ""global_issues"": [
    ""La progression entre les modules n'est pas logique et nécessite une connaissance préalable des concepts de base qui n'est pas fournie."",
    ""Le contenu est trop technique pour un enfant de 12 ans. Il faudrait adapter le vocabulaire, les concepts et les analogies à l'âge cible.""
  ]
}",100,True
