topic,age,level,model,agent,run_index,seed,repeat_count,json_valid,schema_compliance,word_count,examples_count,readability,lix_value,content_coverage,tone_encouragement,tone_simplicity,tone_engagement,ragas_faithfulness,ragas_answer_relevancy,ragas_context_precision,ragas_context_recall,ragas_avg,ragas_status,hallucination_rate,ttft_ms,latency,rag_score,llm_score,agent_score,final_score,response_length,details,pedagogical_graph_json
Circuits électriques,12,beginner,llama3.1:latest,architect,1,42,3,True,True,,,,,,,,,,,,,,,,82911.2,294.7,,57.54,100,87.26,1883,"{""agent"": ""architect"", ""json_valid"": true, ""schema_compliance"": true, ""module_count"": 4, ""module_completeness"": 100.0, ""pedagogical_structure"": 100, ""latency"": 294.7, ""response_length"": 1883, ""agent_score"": 100, ""generated_content"": ""{ \n  \""courseTitle\"": \""L'aventure des circuits \u00e9lectriques\"", \n  \""programmingLanguage\"": \""None\"", \n  \""level\"": \""beginner\"", \n  \""totalDuration\"": \""4 heures\"", \n  \""objectives\"": [\n    \""Comprendre les concepts de base des circuits \u00e9lectriques\"",\n    \""Appliquer les concepts \u00e0 des situations pratiques\""\n  ],\n  \""modules\"": [\n    {\n      \""order\"": 1,\n      \""title\"": \""Le myst\u00e8re du courant et de la puissance\"", \n      \""duration\"": \""45 mins\"", \n      \""description\"": \""D\u00e9couvrez comment le courant et la puissance sont li\u00e9s aux circuits \u00e9lectriques\"",\n      \""exercise_mode\"": \""qcm\"", \n      \""subTopics\"": [\n        \""Circuits s\u00e9rie et parall\u00e8le\"",\n        \""Puissance \u00e9lectrique\""\n      ]\n    },\n    {\n      \""order\"": 2,\n      \""title\"": \""Les fondements des circuits \u00e9lectriques\"", \n      \""duration\"": \""45 mins\"", \n      \""description\"": \""Comprenez les concepts cl\u00e9s derri\u00e8re les circuits \u00e9lectriques\"",\n      \""exercise_mode\"": \""fill_blank\"", \n      \""subTopics\"": [\n        \""Calcul de la puissance \u00e9lectrique\"",\n        \""S\u00e9curit\u00e9 des circuits \u00e9lectriques\""\n      ]\n    },\n    {\n      \""order\"": 3,\n      \""title\"": \""La manipulation des circuits \u00e9lectriques\"", \n      \""duration\"": \""45 mins\"", \n      \""description\"": \""Apprenez \u00e0 appliquer les concepts \u00e0 des situations pratiques\"",\n      \""exercise_mode\"": \""qcm\"", \n      \""subTopics\"": [\n        \""Type de circuit qui permet \u00e0 plusieurs branches d'\u00eatre connect\u00e9es en parall\u00e8le\"",\n        \""Importance de la s\u00e9curit\u00e9 dans les circuits \u00e9lectriques\""\n      ]\n    },\n    {\n      \""order\"": 4,\n      \""title\"": \""L'expansion des concepts\"", \n      \""duration\"": \""45 mins\"", \n      \""description\"": \""D\u00e9couvrez comment les concepts plus complexes sont li\u00e9s aux circuits \u00e9lectriques\"",\n      \""exercise_mode\"": \""fill_blank\"", \n      \""subTopics\"": [\n        \""Calcul de la puissance \u00e9lectrique en fonction de la tension et du courant\"",\n        \""S\u00e9curit\u00e9 des circuits \u00e9lectriques dans diff\u00e9rents sc\u00e9narios\""\n      ]\n    }\n  ]\n}"", ""ttft_ms"": 82911.2, ""llm_score"": 57.54, ""rag_score"": null, ""final_score"": 87.26, ""context_docs_count"": 4}",C:\Users\raoui\OneDrive\Bureau\TechKids\techkids-hub\apps\ai-brain\benchmarking\outputs\graph_Circuits électriques_age12_llama3.1_latest_20260608_130157.json
Circuits électriques,12,beginner,llama3.1:latest,writer,1,42,3,True,True,165,1,39.32,54.27,46.32,,2.39,30.0,1.0,0.8197,1.0,0.8824,0.9255,ok,0.0,170976.0,278.47,91.93,80.0,54,69.39,1231,"{""agent"": ""writer"", ""json_valid"": true, ""schema_compliance"": true, ""word_count"": 165, ""examples_count"": 1, ""readability"": 39.32, ""lix_value"": 54.27, ""educational_richness"": 10.53, ""keyword_coverage"": 100.0, ""tone_simplicity"": 2.39, ""ragas_faithfulness"": 1.0, ""ragas_answer_relevancy"": 0.8197, ""ragas_context_precision"": 1.0, ""ragas_context_recall"": 0.8824, ""ragas_avg"": 0.9255, ""ragas_status"": ""ok"", ""latency"": 278.47, ""response_length"": 1231, ""agent_score"": 54, ""content_coverage"": 46.32, ""tone_engagement"": 30.0, ""tone_source"": ""groq"", ""citations_count"": 0, ""citations_present"": false, ""citation_coverage"": 0.0, ""citation_format_valid"": false, ""generated_content"": ""{\n  \""order\"": 1,\n  \""title\"": \""Circuits série et parallèle\"",\n  \""content\"": \""## Circuits série et parallèle\\\\n\\\\nLes circuits série et parallèle sont des types de circuits électriques utilisés pour la transmission d'électricité. (Source Scientifique 1)\\\\n\\\\nUn circuit série est un type de circuit où les composants électriques sont connectés en série, ce qui signifie que le courant doit passer à travers chaque composant avant de continuer son chemin. En revanche, un circuit parallèle est un type de circuit où les composants électriques sont connectés en parallèle, ce qui signifie que le courant peut passer à travers n'importe quel composant sans avoir besoin de passer à travers les autres. (Source Scientifique 2)\\\\n\\\\nL'une des principales différences entre un circuit série et un circuit parallèle est la façon dont le courant est distribué. Dans un circuit série, le courant est limité par la résistance la plus élevée dans la chaîne, tandis que dans un circuit parallèle, le courant est augmenté par l'ajout de composants supplémentaires. (Source Scientifique 1)\\\\n\\\\nVoici un exemple de comment fonctionnent les circuits série et parallèles :\\\\n\\\\n[Image ou schéma]...\"",\n  \""word_count\"": 300,\n  \""language_target\"": \""French\""\n}"", ""ttft_ms"": 170976.0, ""llm_score"": 80.0, ""rag_score"": 91.93, ""final_score"": 69.39, ""hallucination_rate"": 0.0, ""context_docs_count"": 4, ""critic_approved"": false, ""critic_rejection_reason"": ""Le cours n'aborde pas suffisamment les aspects pratiques des circuits électriques, ce qui peut rendre difficile la compréhension pour les élèves.""}",C:\Users\raoui\OneDrive\Bureau\TechKids\techkids-hub\apps\ai-brain\benchmarking\outputs\graph_Circuits électriques_age12_llama3.1_latest_20260608_130157.json
Circuits électriques,12,beginner,llama3.1:latest,enricher,1,42,3,True,,,,,,,,,,,,,,,,,11615.4,88.31,,85.28,100,95.58,1239,"{""agent"": ""enricher"", ""json_valid"": true, ""schema_validity"": 100.0, ""options_validity"": 100.0, ""answer_index_validity"": 100.0, ""diversity_score"": 100.0, ""exercise_count"": 2, ""valid_exercises"": 2, ""latency"": 88.31, ""response_length"": 1239, ""agent_score"": 100, ""critic_parsed_json"": {""questions"": [{""question"": ""Quelle est la diff\u00e9rence principale entre un circuit s\u00e9rie et un circuit parall\u00e8le ?"", ""options"": [""Le courant est limit\u00e9 par la r\u00e9sistance la plus \u00e9lev\u00e9e dans la cha\u00eene."", ""Le courant est augment\u00e9 par l'ajout de composants suppl\u00e9mentaires."", ""Les composants sont connect\u00e9s en s\u00e9rie ou en parall\u00e8le."", ""Tous les circuits \u00e9lectriques ont le m\u00eame comportement.""], ""correct_index"": 0, ""explanation"": ""Bravo ! En fait, dans un circuit s\u00e9rie, le courant est limit\u00e9 par la r\u00e9sistance la plus \u00e9lev\u00e9e dans la cha\u00eene. C'est une r\u00e8gle importante \u00e0 retenir pour comprendre comment fonctionnent les circuits \u00e9lectriques.""}, {""question"": ""Quel type de circuit permet au courant de passer \u00e0 travers n'importe quel composant sans avoir besoin de passer \u00e0 travers les autres ?"", ""options"": [""Circuit s\u00e9rie"", ""Circuit parall\u00e8le"", ""Circuit mixte"", ""Circuit hybride""], ""correct_index"": 1, ""explanation"": ""Super ! En fait, un circuit parall\u00e8le est un type de circuit o\u00f9 le courant peut passer \u00e0 travers n'importe quel composant sans avoir besoin de passer \u00e0 travers les autres. C'est une diff\u00e9rence importante entre les circuits s\u00e9rie et parall\u00e8les.""}]}, ""approved"": null, ""critic_rejection_reason"": """", ""generated_content"": ""{ \n  \""questions\"": [\n    {\n      \""question\"": \""Quelle est la diff\u00e9rence principale entre un circuit s\u00e9rie et un circuit parall\u00e8le ?\"",\n      \""options\"": [\""Le courant est limit\u00e9 par la r\u00e9sistance la plus \u00e9lev\u00e9e dans la cha\u00eene.\"", \""Le courant est augment\u00e9 par l'ajout de composants suppl\u00e9mentaires.\"", \""Les composants sont connect\u00e9s en s\u00e9rie ou en parall\u00e8le.\"", \""Tous les circuits \u00e9lectriques ont le m\u00eame comportement.\""],\n      \""correct_index\"": 0,\n      \""explanation\"": \""Bravo ! En fait, dans un circuit s\u00e9rie, le courant est limit\u00e9 par la r\u00e9sistance la plus \u00e9lev\u00e9e dans la cha\u00eene. C'est une r\u00e8gle importante \u00e0 retenir pour comprendre comment fonctionnent les circuits \u00e9lectriques.\""\n    },\n    {\n      \""question\"": \""Quel type de circuit permet au courant de passer \u00e0 travers n'importe quel composant sans avoir besoin de passer \u00e0 travers les autres ?\"",\n      \""options\"": [\""Circuit s\u00e9rie\"", \""Circuit parall\u00e8le\"", \""Circuit mixte\"", \""Circuit hybride\""],\n      \""correct_index\"": 1,\n      \""explanation\"": \""Super ! En fait, un circuit parall\u00e8le est un type de circuit o\u00f9 le courant peut passer \u00e0 travers n'importe quel composant sans avoir besoin de passer \u00e0 travers les autres. C'est une diff\u00e9rence importante entre les circuits s\u00e9rie et parall\u00e8les.\""\n    }\n  ]\n}"", ""ttft_ms"": 11615.4, ""llm_score"": 85.28, ""rag_score"": null, ""final_score"": 95.58}",C:\Users\raoui\OneDrive\Bureau\TechKids\techkids-hub\apps\ai-brain\benchmarking\outputs\graph_Circuits électriques_age12_llama3.1_latest_20260608_130157.json
Circuits électriques,12,beginner,llama3.1:latest,critic,1,42,3,True,True,,,,,,,,,,,,,,,,13143.9,73.8,,87.7,75,78.81,848,"{""agent"": ""critic"", ""json_valid"": true, ""schema_compliance"": true, ""score_range_validity"": true, ""consistency_score"": 0, ""issue_completeness"": 100, ""latency"": 73.8, ""response_length"": 848, ""agent_score"": 75, ""critic_parsed_json"": {""score"": 60, ""approved"": false, ""module_issues"": [{""module"": ""Circuits s\u00e9rie et parall\u00e8le"", ""issue"": ""Le vocabulaire utilis\u00e9 est trop technique pour un enfant de 12 ans. Par exemple, la notion de r\u00e9sistance la plus \u00e9lev\u00e9e dans une cha\u00eene peut \u00eatre difficile \u00e0 comprendre pour ce niveau d'\u00e2ge.""}, {""module"": ""Circuits s\u00e9rie et parall\u00e8le"", ""issue"": ""L'exemple fourni est trop abstrait et ne permet pas aux \u00e9l\u00e8ves de visualiser concr\u00e8tement la diff\u00e9rence entre les circuits s\u00e9rie et parall\u00e8les.""}], ""global_issues"": [""Le cours n'aborde pas suffisamment les aspects pratiques des circuits \u00e9lectriques, ce qui peut rendre difficile la compr\u00e9hension pour les \u00e9l\u00e8ves."", ""La progression de difficult\u00e9 technique entre le Module 1 et le dernier Module n'est pas clairement d\u00e9finie.""]}, ""approved"": false, ""critic_rejection_reason"": ""Le cours n'aborde pas suffisamment les aspects pratiques des circuits \u00e9lectriques, ce qui peut rendre difficile la compr\u00e9hension pour les \u00e9l\u00e8ves."", ""generated_content"": ""{  \n  \""score\"": 60,\n  \""approved\"": false,\n  \""module_issues\"": [ \n    {\n      \""module\"": \""Circuits s\u00e9rie et parall\u00e8le\"",\n      \""issue\"": \""Le vocabulaire utilis\u00e9 est trop technique pour un enfant de 12 ans. Par exemple, la notion de r\u00e9sistance la plus \u00e9lev\u00e9e dans une cha\u00eene peut \u00eatre difficile \u00e0 comprendre pour ce niveau d'\u00e2ge.\""\n    },\n    {\n      \""module\"": \""Circuits s\u00e9rie et parall\u00e8le\"",\n      \""issue\"": \""L'exemple fourni est trop abstrait et ne permet pas aux \u00e9l\u00e8ves de visualiser concr\u00e8tement la diff\u00e9rence entre les circuits s\u00e9rie et parall\u00e8les.\""\n    }\n  ],\n  \""global_issues\"": [\n    \""Le cours n'aborde pas suffisamment les aspects pratiques des circuits \u00e9lectriques, ce qui peut rendre difficile la compr\u00e9hension pour les \u00e9l\u00e8ves.\"",\n    \""La progression de difficult\u00e9 technique entre le Module 1 et le dernier Module n'est pas clairement d\u00e9finie.\""\n  ]\n}"", ""ttft_ms"": 13143.9, ""llm_score"": 87.7, ""rag_score"": null, ""final_score"": 78.81}",C:\Users\raoui\OneDrive\Bureau\TechKids\techkids-hub\apps\ai-brain\benchmarking\outputs\graph_Circuits électriques_age12_llama3.1_latest_20260608_130157.json
Circuits électriques,12,beginner,llama3.1:latest,architect,2,43,3,True,True,,,,,,,,,,,,,,,,5868.9,231.19,,56.36,100,86.91,2893,"{""agent"": ""architect"", ""json_valid"": true, ""schema_compliance"": true, ""module_count"": 4, ""module_completeness"": 100.0, ""pedagogical_structure"": 100, ""latency"": 231.19, ""response_length"": 2893, ""agent_score"": 100, ""generated_content"": ""{ \n  \""courseTitle\"": \""L'aventure des circuits \u00e9lectriques\"", \n  \""programmingLanguage\"": \""None\"", \n  \""level\"": \""beginner\"", \n  \""totalDuration\"": \""4 heures\"", \n  \""objectives\"": [\n    \""Comprendre les concepts de base des circuits \u00e9lectriques\"",\n    \""Appliquer les concepts \u00e0 des situations pratiques\""\n  ],\n  \""modules\"": [\n    {\n      \""order\"": 1,\n      \""title\"": \""Le myst\u00e8re du courant et de la puissance\"", \n      \""duration\"": \""45 mins\"", \n      \""description\"": \""D\u00e9couvrez comment le courant et la puissance sont li\u00e9s aux circuits \u00e9lectriques\"",\n      \""exercise_mode\"": \""qcm\"", \n      \""subTopics\"": [\n        {\n          \""title\"": \""Circuits s\u00e9rie et parall\u00e8le\"",\n          \""description\"": \""Comprenez les diff\u00e9rences entre les circuits s\u00e9rie et parall\u00e8le\""\n        },\n        {\n          \""title\"": \""Puissance \u00e9lectrique\"",\n          \""description\"": \""Calculez la puissance \u00e9lectrique en multipliant la tension et le courant\""\n        }\n      ]\n    },\n    {\n      \""order\"": 2,\n      \""title\"": \""Les fondations des circuits \u00e9lectriques\"", \n      \""duration\"": \""45 mins\"", \n      \""description\"": \""Apprenez les concepts cl\u00e9s pour comprendre les circuits \u00e9lectriques\"",\n      \""exercise_mode\"": \""fill_blank\"", \n      \""subTopics\"": [\n        {\n          \""title\"": \""Calcul de la puissance \u00e9lectrique\"",\n          \""description\"": \""Calculez la puissance \u00e9lectrique en multipliant la tension et le courant\""\n        },\n        {\n          \""title\"": \""S\u00e9curit\u00e9 des circuits \u00e9lectriques\"",\n          \""description\"": \""Comprenez l'importance de la s\u00e9curit\u00e9 dans les circuits \u00e9lectriques\""\n        }\n      ]\n    },\n    {\n      \""order\"": 3,\n      \""title\"": \""La manipulation des circuits \u00e9lectriques\"", \n      \""duration\"": \""45 mins\"", \n      \""description\"": \""Mettez en pratique vos connaissances pour r\u00e9soudre des probl\u00e8mes\"",\n      \""exercise_mode\"": \""qcm\"", \n      \""subTopics\"": [\n        {\n          \""title\"": \""Type de circuit qui permet \u00e0 plusieurs branches d'\u00eatre connect\u00e9es en parall\u00e8le\"",\n          \""description\"": \""Choisissez le type de circuit correct\""\n        },\n        {\n          \""title\"": \""Importance de la s\u00e9curit\u00e9 dans les circuits \u00e9lectriques\"",\n          \""description\"": \""Comprenez l'importance de la s\u00e9curit\u00e9 dans les circuits \u00e9lectriques\""\n        }\n      ]\n    },\n    {\n      \""order\"": 4,\n      \""title\"": \""L'expansion des concepts\"", \n      \""duration\"": \""45 mins\"", \n      \""description\"": \""D\u00e9couvrez des concepts plus complexes et cr\u00e9atifs\"",\n      \""exercise_mode\"": \""fill_blank\"", \n      \""subTopics\"": [\n        {\n          \""title\"": \""Calcul de la puissance \u00e9lectrique en fonction de la tension et du courant\"",\n          \""description\"": \""Calculez la puissance \u00e9lectrique en multipliant la tension et le courant\""\n        },\n        {\n          \""title\"": \""S\u00e9curit\u00e9 des circuits \u00e9lectriques dans les situations pratiques\"",\n          \""description\"": \""Comprenez l'importance de la s\u00e9curit\u00e9 dans les circuits \u00e9lectriques dans les situations pratiques\""\n        }\n      ]\n    }\n  ]\n}"", ""ttft_ms"": 5868.9, ""llm_score"": 56.36, ""rag_score"": null, ""final_score"": 86.91, ""context_docs_count"": 4}",C:\Users\raoui\OneDrive\Bureau\TechKids\techkids-hub\apps\ai-brain\benchmarking\outputs\graph_Circuits électriques_age12_llama3.1_latest_20260608_130157.json
Circuits électriques,12,beginner,llama3.1:latest,writer,2,43,3,True,True,207,0,61.75,45.3,40.0,,7.86,60.0,0.7778,0.8393,1.0,0.8,0.8543,ok,0.2222,245483.8,352.31,83.6,71.11,53,64.55,1291,"{""agent"": ""writer"", ""json_valid"": true, ""schema_compliance"": true, ""word_count"": 207, ""examples_count"": 0, ""readability"": 61.75, ""lix_value"": 45.3, ""educational_richness"": 0.0, ""keyword_coverage"": 100.0, ""tone_simplicity"": 7.86, ""ragas_faithfulness"": 0.7778, ""ragas_answer_relevancy"": 0.8393, ""ragas_context_precision"": 1.0, ""ragas_context_recall"": 0.8, ""ragas_avg"": 0.8543, ""ragas_status"": ""ok"", ""latency"": 352.31, ""response_length"": 1291, ""agent_score"": 53, ""content_coverage"": 40.0, ""tone_engagement"": 60.0, ""tone_source"": ""groq"", ""citations_count"": 0, ""citations_present"": false, ""citation_coverage"": 0.0, ""citation_format_valid"": false, ""generated_content"": ""{\n  \""order\"": 1,\n  \""title\"": \""Circuits série et parallèle\"",\n  \""content\"": \""## Circuits série et parallèle\\\\nLes circuits série et parallèle sont des types de circuits électriques utilisés pour la transmission d'électricité.\\\\n\\\\n[Source Scientifique 1]: between a series circuit and a parallel circuit is that the current is actually increased. Remember when we had, let's go back and remove this and just connect it together, so remember here we had 0.90 amps for one light bulb, but here we now have 1.8 amps. In other words the electricity is actually flowing faster. Why is that? Well here there is the current of this thread and there's the current of this branch and the two currents together are going to sum up to this current. And so before when we were saying the voltage dropped in each of those sums up to the voltage of the battery, well in a parallel circuit those two pathways, in other words those two currents are going to sum up to the current of that, the whole branch. Another thing that happens in a parallel circuit, let's kind of remove this light bulb, and so remember when I removed a series light bulb the whole thing went out, but in a parallel circuit when I remove one of those light bulbs, the other one keeps\"",\n  \""word_count\"": 256,\n  \""language_target\"": \""French\""\n}"", ""ttft_ms"": 245483.8, ""llm_score"": 71.11, ""rag_score"": 83.6, ""final_score"": 64.55, ""hallucination_rate"": 0.2222, ""context_docs_count"": 4, ""critic_approved"": false, ""critic_rejection_reason"": ""Le cours n'a pas une structure logique, les concepts sont présentés sans progression claire.""}",C:\Users\raoui\OneDrive\Bureau\TechKids\techkids-hub\apps\ai-brain\benchmarking\outputs\graph_Circuits électriques_age12_llama3.1_latest_20260608_130157.json
Circuits électriques,12,beginner,llama3.1:latest,enricher,2,43,3,True,,,,,,,,,,,,,,,,,25402.2,97.57,,83.74,100,95.12,815,"{""agent"": ""enricher"", ""json_valid"": true, ""schema_validity"": 100.0, ""options_validity"": 100.0, ""answer_index_validity"": 100.0, ""diversity_score"": 100.0, ""exercise_count"": 2, ""valid_exercises"": 2, ""latency"": 97.57, ""response_length"": 815, ""agent_score"": 100, ""critic_parsed_json"": {""questions"": [{""question"": ""Qu'est-ce qui se passe au courant dans un circuit parall\u00e8le par rapport \u00e0 un circuit s\u00e9rie ?"", ""options"": [""Le courant diminue"", ""Le courant reste le m\u00eame"", ""Le courant augmente"", ""Le courant dispara\u00eet""], ""correct_index"": 2, ""explanation"": ""Bravo ! En fait, dans un circuit parall\u00e8le, le courant est augment\u00e9 car les deux courants se somment.""}, {""question"": ""Qu'est-ce qui se passe si on enl\u00e8ve une ampoule dans un circuit parall\u00e8le ?"", ""options"": [""Le circuit entier s'\u00e9teint"", ""L'autre ampoule s'\u00e9teint \u00e9galement"", ""Rien ne change"", ""La tension augmente""], ""correct_index"": 2, ""explanation"": ""Super ! N'oublie pas que dans un circuit parall\u00e8le, si on enl\u00e8ve une ampoule, l'autre continue \u00e0 fonctionner.""}]}, ""approved"": null, ""critic_rejection_reason"": """", ""generated_content"": ""{ \n  \""questions\"": [\n    {\n      \""question\"": \""Qu'est-ce qui se passe au courant dans un circuit parall\u00e8le par rapport \u00e0 un circuit s\u00e9rie ?\"",\n      \""options\"": [\""Le courant diminue\"", \""Le courant reste le m\u00eame\"", \""Le courant augmente\"", \""Le courant dispara\u00eet\""],\n      \""correct_index\"": 2,\n      \""explanation\"": \""Bravo ! En fait, dans un circuit parall\u00e8le, le courant est augment\u00e9 car les deux courants se somment.\""\n    },\n    {\n      \""question\"": \""Qu'est-ce qui se passe si on enl\u00e8ve une ampoule dans un circuit parall\u00e8le ?\"",\n      \""options\"": [\""Le circuit entier s'\u00e9teint\"", \""L'autre ampoule s'\u00e9teint \u00e9galement\"", \""Rien ne change\"", \""La tension augmente\""],\n      \""correct_index\"": 2,\n      \""explanation\"": \""Super ! N'oublie pas que dans un circuit parall\u00e8le, si on enl\u00e8ve une ampoule, l'autre continue \u00e0 fonctionner.\""\n    }\n  ]\n}"", ""ttft_ms"": 25402.2, ""llm_score"": 83.74, ""rag_score"": null, ""final_score"": 95.12}",C:\Users\raoui\OneDrive\Bureau\TechKids\techkids-hub\apps\ai-brain\benchmarking\outputs\graph_Circuits électriques_age12_llama3.1_latest_20260608_130157.json
Circuits électriques,12,beginner,llama3.1:latest,critic,2,43,3,True,True,,,,,,,,,,,,,,,,35554.2,101.28,,83.12,100,94.94,793,"{""agent"": ""critic"", ""json_valid"": true, ""schema_compliance"": true, ""score_range_validity"": true, ""consistency_score"": 100, ""issue_completeness"": 100, ""latency"": 101.28, ""response_length"": 793, ""agent_score"": 100, ""critic_parsed_json"": {""score"": 40, ""approved"": false, ""module_issues"": [{""module"": ""Circuits s\u00e9rie et parall\u00e8le"", ""issue"": ""Le vocabulaire utilis\u00e9 est trop complexe pour un enfant de 12 ans. Par exemple, le terme 'voltage' n'est pas d\u00e9fini clairement.""}, {""module"": ""Circuits s\u00e9rie et parall\u00e8le"", ""issue"": ""L'analogie utilis\u00e9e pour expliquer la diff\u00e9rence entre les circuits s\u00e9rie et parall\u00e8les est incompr\u00e9hensible. Les \u00e9tudiants de 12 ans ne comprendront pas l'explication sur le 'current'.""}], ""global_issues"": [""Le cours n'a pas une structure logique, les concepts sont pr\u00e9sent\u00e9s sans progression claire."", ""Les exemples utilis\u00e9s pour illustrer la diff\u00e9rence entre les circuits s\u00e9rie et parall\u00e8les ne sont pas pertinents ou r\u00e9alistes.""]}, ""approved"": false, ""critic_rejection_reason"": ""Le cours n'a pas une structure logique, les concepts sont pr\u00e9sent\u00e9s sans progression claire."", ""generated_content"": ""{  \n  \""score\"": 40,\n  \""approved\"": false,\n  \""module_issues\"": [ \n    {\n      \""module\"": \""Circuits s\u00e9rie et parall\u00e8le\"",\n      \""issue\"": \""Le vocabulaire utilis\u00e9 est trop complexe pour un enfant de 12 ans. Par exemple, le terme 'voltage' n'est pas d\u00e9fini clairement.\""\n    },\n    {\n      \""module\"": \""Circuits s\u00e9rie et parall\u00e8le\"",\n      \""issue\"": \""L'analogie utilis\u00e9e pour expliquer la diff\u00e9rence entre les circuits s\u00e9rie et parall\u00e8les est incompr\u00e9hensible. Les \u00e9tudiants de 12 ans ne comprendront pas l'explication sur le 'current'.\""\n    }\n  ],\n  \""global_issues\"": [\n    \""Le cours n'a pas une structure logique, les concepts sont pr\u00e9sent\u00e9s sans progression claire.\"",\n    \""Les exemples utilis\u00e9s pour illustrer la diff\u00e9rence entre les circuits s\u00e9rie et parall\u00e8les ne sont pas pertinents ou r\u00e9alistes.\""\n  ]\n}"", ""ttft_ms"": 35554.2, ""llm_score"": 83.12, ""rag_score"": null, ""final_score"": 94.94}",C:\Users\raoui\OneDrive\Bureau\TechKids\techkids-hub\apps\ai-brain\benchmarking\outputs\graph_Circuits électriques_age12_llama3.1_latest_20260608_130157.json
Circuits électriques,12,beginner,llama3.1:latest,architect,3,44,3,True,True,,,,,,,,,,,,,,,,3537.4,293.09,,56.36,100,86.91,2893,"{""agent"": ""architect"", ""json_valid"": true, ""schema_compliance"": true, ""module_count"": 4, ""module_completeness"": 100.0, ""pedagogical_structure"": 100, ""latency"": 293.09, ""response_length"": 2893, ""agent_score"": 100, ""generated_content"": ""{ \n  \""courseTitle\"": \""L'aventure des circuits \u00e9lectriques\"", \n  \""programmingLanguage\"": \""None\"", \n  \""level\"": \""beginner\"", \n  \""totalDuration\"": \""4 heures\"", \n  \""objectives\"": [\n    \""Comprendre les concepts de base des circuits \u00e9lectriques\"",\n    \""Appliquer les concepts \u00e0 des situations pratiques\""\n  ],\n  \""modules\"": [\n    {\n      \""order\"": 1,\n      \""title\"": \""Le myst\u00e8re du courant et de la puissance\"", \n      \""duration\"": \""45 mins\"", \n      \""description\"": \""D\u00e9couvrez comment le courant et la puissance sont li\u00e9s aux circuits \u00e9lectriques\"",\n      \""exercise_mode\"": \""qcm\"", \n      \""subTopics\"": [\n        {\n          \""title\"": \""Circuits s\u00e9rie et parall\u00e8le\"",\n          \""description\"": \""Comprenez les diff\u00e9rences entre les circuits s\u00e9rie et parall\u00e8le\""\n        },\n        {\n          \""title\"": \""Puissance \u00e9lectrique\"",\n          \""description\"": \""Calculez la puissance \u00e9lectrique en multipliant la tension et le courant\""\n        }\n      ]\n    },\n    {\n      \""order\"": 2,\n      \""title\"": \""Les fondations des circuits \u00e9lectriques\"", \n      \""duration\"": \""45 mins\"", \n      \""description\"": \""Apprenez les concepts cl\u00e9s pour comprendre les circuits \u00e9lectriques\"",\n      \""exercise_mode\"": \""fill_blank\"", \n      \""subTopics\"": [\n        {\n          \""title\"": \""Calcul de la puissance \u00e9lectrique\"",\n          \""description\"": \""Calculez la puissance \u00e9lectrique en multipliant la tension et le courant\""\n        },\n        {\n          \""title\"": \""S\u00e9curit\u00e9 des circuits \u00e9lectriques\"",\n          \""description\"": \""Comprenez l'importance de la s\u00e9curit\u00e9 dans les circuits \u00e9lectriques\""\n        }\n      ]\n    },\n    {\n      \""order\"": 3,\n      \""title\"": \""La manipulation des circuits \u00e9lectriques\"", \n      \""duration\"": \""45 mins\"", \n      \""description\"": \""Mettez en pratique vos connaissances pour r\u00e9soudre des probl\u00e8mes\"",\n      \""exercise_mode\"": \""qcm\"", \n      \""subTopics\"": [\n        {\n          \""title\"": \""Type de circuit qui permet \u00e0 plusieurs branches d'\u00eatre connect\u00e9es en parall\u00e8le\"",\n          \""description\"": \""Choisissez le type de circuit correct\""\n        },\n        {\n          \""title\"": \""Importance de la s\u00e9curit\u00e9 dans les circuits \u00e9lectriques\"",\n          \""description\"": \""Comprenez l'importance de la s\u00e9curit\u00e9 dans les circuits \u00e9lectriques\""\n        }\n      ]\n    },\n    {\n      \""order\"": 4,\n      \""title\"": \""L'expansion des concepts\"", \n      \""duration\"": \""45 mins\"", \n      \""description\"": \""D\u00e9couvrez des concepts plus complexes et cr\u00e9atifs\"",\n      \""exercise_mode\"": \""fill_blank\"", \n      \""subTopics\"": [\n        {\n          \""title\"": \""Calcul de la puissance \u00e9lectrique en fonction de la tension et du courant\"",\n          \""description\"": \""Calculez la puissance \u00e9lectrique en multipliant la tension et le courant\""\n        },\n        {\n          \""title\"": \""S\u00e9curit\u00e9 des circuits \u00e9lectriques dans les situations pratiques\"",\n          \""description\"": \""Comprenez l'importance de la s\u00e9curit\u00e9 dans les circuits \u00e9lectriques dans les situations pratiques\""\n        }\n      ]\n    }\n  ]\n}"", ""ttft_ms"": 3537.4, ""llm_score"": 56.36, ""rag_score"": null, ""final_score"": 86.91, ""context_docs_count"": 4}",C:\Users\raoui\OneDrive\Bureau\TechKids\techkids-hub\apps\ai-brain\benchmarking\outputs\graph_Circuits électriques_age12_llama3.1_latest_20260608_130157.json
Circuits électriques,12,beginner,llama3.1:latest,enricher,3,44,3,True,,,,,,,,,,,,,,,,,65675.6,98.17,,83.64,0,25.09,360,"{""agent"": ""enricher"", ""json_valid"": true, ""schema_validity"": 0, ""options_validity"": 0, ""answer_index_validity"": 0, ""diversity_score"": 0, ""exercise_count"": 0, ""valid_exercises"": 0, ""latency"": 98.17, ""response_length"": 360, ""agent_score"": 0, ""critic_parsed_json"": {""module_content"": {""introduction"": ""Bienvenue dans ce module sur la g\u00e9om\u00e9trie !"", ""points_to_cover"": [""Les points, les droites et les plans"", ""Les angles et leurs mesures""], ""explanation"": ""La g\u00e9om\u00e9trie est l'\u00e9tude des formes et des figures. Elle nous aide \u00e0 comprendre comment les objets sont dispos\u00e9s dans l'espace.""}}, ""approved"": null, ""critic_rejection_reason"": """", ""generated_content"": ""{ \n  \""module_content\"": {\n    \""introduction\"": \""Bienvenue dans ce module sur la g\u00e9om\u00e9trie !\"",\n    \""points_to_cover\"": [\n      \""Les points, les droites et les plans\"",\n      \""Les angles et leurs mesures\""\n    ],\n    \""explanation\"": \""La g\u00e9om\u00e9trie est l'\u00e9tude des formes et des figures. Elle nous aide \u00e0 comprendre comment les objets sont dispos\u00e9s dans l'espace.\""\n  }\n}"", ""ttft_ms"": 65675.6, ""llm_score"": 83.64, ""rag_score"": null, ""final_score"": 25.09}",C:\Users\raoui\OneDrive\Bureau\TechKids\techkids-hub\apps\ai-brain\benchmarking\outputs\graph_Circuits électriques_age12_llama3.1_latest_20260608_130157.json
Circuits électriques,12,beginner,llama3.1:latest,critic,3,44,3,True,True,,,,,,,,,,,,,,,,46496.0,153.75,,80.0,100,94.0,1390,"{""agent"": ""critic"", ""json_valid"": true, ""schema_compliance"": true, ""score_range_validity"": true, ""consistency_score"": 100, ""issue_completeness"": 100, ""latency"": 153.75, ""response_length"": 1390, ""agent_score"": 100, ""critic_parsed_json"": {""score"": 0, ""approved"": false, ""module_issues"": [{""module"": ""Module 1 : Introduction aux circuits \u00e9lectriques"", ""issue"": ""Le vocabulaire utilis\u00e9 est trop technique pour un enfant de 12 ans. Par exemple, la notion de 'tension' et 'courant' n'est pas clairement expliqu\u00e9e.""}, {""module"": ""Module 2 : Les composants \u00e9lectriques"", ""issue"": ""La progression entre le Module 1 et le Module 2 est trop rapide. Le contenu du Module 2 n\u00e9cessite une connaissance pr\u00e9alable des concepts de base qui n'est pas fournie.""}, {""module"": ""Module 3 : Les circuits s\u00e9rie et parall\u00e8le"", ""issue"": ""Le Hook du module commence par une th\u00e9orie pure sans lien avec un sc\u00e9nario r\u00e9el ou une mission concr\u00e8te. Cela rend difficile la compr\u00e9hension des concepts pour les \u00e9l\u00e8ves.""}, {""module"": ""Module 4 : Les circuits combin\u00e9s"", ""issue"": ""Le contenu du Module 4 utilise des termes techniques ('imp\u00e9dance', 'admittance') qui ne sont pas d\u00e9finis ou expliqu\u00e9s dans le cours. Cela constitue une hallucination.""}], ""global_issues"": [""La progression entre les modules n'est pas logique et n\u00e9cessite une connaissance pr\u00e9alable des concepts de base qui n'est pas fournie."", ""Le contenu est trop technique pour un enfant de 12 ans. Il faudrait adapter le vocabulaire, les concepts et les analogies \u00e0 l'\u00e2ge cible.""]}, ""approved"": false, ""critic_rejection_reason"": ""La progression entre les modules n'est pas logique et n\u00e9cessite une connaissance pr\u00e9alable des concepts de base qui n'est pas fournie."", ""generated_content"": ""{ \n  \""score\"": 0,\n  \""approved\"": false,\n  \""module_issues\"": [\n    {\n      \""module\"": \""Module 1 : Introduction aux circuits \u00e9lectriques\"",\n      \""issue\"": \""Le vocabulaire utilis\u00e9 est trop technique pour un enfant de 12 ans. Par exemple, la notion de 'tension' et 'courant' n'est pas clairement expliqu\u00e9e.\""\n    },\n    {\n      \""module\"": \""Module 2 : Les composants \u00e9lectriques\"",\n      \""issue\"": \""La progression entre le Module 1 et le Module 2 est trop rapide. Le contenu du Module 2 n\u00e9cessite une connaissance pr\u00e9alable des concepts de base qui n'est pas fournie.\""\n    },\n    {\n      \""module\"": \""Module 3 : Les circuits s\u00e9rie et parall\u00e8le\"",\n      \""issue\"": \""Le Hook du module commence par une th\u00e9orie pure sans lien avec un sc\u00e9nario r\u00e9el ou une mission concr\u00e8te. Cela rend difficile la compr\u00e9hension des concepts pour les \u00e9l\u00e8ves.\""\n    },\n    {\n      \""module\"": \""Module 4 : Les circuits combin\u00e9s\"",\n      \""issue\"": \""Le contenu du Module 4 utilise des termes techniques ('imp\u00e9dance', 'admittance') qui ne sont pas d\u00e9finis ou expliqu\u00e9s dans le cours. Cela constitue une hallucination.\""\n    }\n  ],\n  \""global_issues\"": [\n    \""La progression entre les modules n'est pas logique et n\u00e9cessite une connaissance pr\u00e9alable des concepts de base qui n'est pas fournie.\"",\n    \""Le contenu est trop technique pour un enfant de 12 ans. Il faudrait adapter le vocabulaire, les concepts et les analogies \u00e0 l'\u00e2ge cible.\""\n  ]\n}"", ""ttft_ms"": 46496.0, ""llm_score"": 80.0, ""rag_score"": null, ""final_score"": 94.0}",C:\Users\raoui\OneDrive\Bureau\TechKids\techkids-hub\apps\ai-brain\benchmarking\outputs\graph_Circuits électriques_age12_llama3.1_latest_20260608_130157.json
